error,t,p_x,p_y,p_z
0.015298033688956325,1614260350.5230036,-5.000282665700187,4.49964545760687,1.2037780077629245
0.002331609692933334,1614260350.5630035,-4.9991223105309,4.495160170699983,1.2124529220607703
0.01942924507041144,1614260350.5830035,-4.997788656459694,4.489889819133724,1.2192090641159876
0.007383140800402366,1614260350.6030035,-4.995705978481641,4.481529200303538,1.2274636694950436
0.027711399769496214,1614260350.6230035,-4.9927026026864265,4.469286107867897,1.2369430474675902
0.01792547648667453,1614260350.6430035,-4.988647665898768,4.452503804188209,1.247253138721334
0.03232166749690224,1614260350.6630034,-4.983456199535925,4.430719415806198,1.2579888168864088
0.035032733436807684,1614260350.6830037,-4.977077174642042,4.40365815577798,1.2688498760350073
0.0329702966855423,1614260350.7030036,-4.96946538874368,4.371136887388605,1.2797452058115988
0.056377743598999386,1614260350.7230036,-4.960589755207879,4.333109303492249,1.2907314102672574
0.09876502609554261,1614260350.7430036,-4.9504293709409835,4.289642483920138,1.3019713316097208
0.03771232969401006,1614260350.7630036,-4.938966616966874,4.24087211892825,1.3136901234736147
0.09196684714265446,1614260350.7830036,-4.926182655164501,4.186965772243179,1.3261259145124142
0.10782586241223413,1614260350.8030035,-4.912054051788265,4.128091936564915,1.3394894266809332
0.10914773400625144,1614260350.8230035,-4.896550012624941,4.0643950750019595,1.3539402870130752
0.059906843832848056,1614260350.8430035,-4.879631238648034,3.995981213131481,1.369578825974522
0.13448285455914366,1614260350.8630035,-4.861250028241974,3.9229127274844138,1.386452511301353
0.06688420654869165,1614260350.8830035,-4.84135189450621,3.845212293703683,1.4045702008900218
0.1513479239677713,1614260350.9030035,-4.8198790594493115,3.762875512955959,1.4239160992755646
0.07035198924692665,1614260350.9230034,-4.79677342478939,3.6758842480635874,1.4444653849570865
0.1650784191931416,1614260350.9430037,-4.771979569279531,3.5842229526525173,1.4661941059318009
0.07272578420235698,1614260350.9630036,-4.74544482364009,3.487891072362086,1.4890888733941472
0.18989779425104025,1614260350.9830036,-4.717116678370869,3.3869088178202875,1.5131563911411179
0.07484332221086287,1614260351.0030036,-4.686941281615827,3.2813228135750285,1.538424269353501
0.22302471977908067,1614260351.0230036,-4.654860249252526,3.1712044008829707,1.5649429920845779
0.07697332593989259,1614260351.0430036,-4.620810023171379,3.056650646631608,1.5927791559278932
0.25724562011422347,1614260351.0630035,-4.584719806873826,2.937780314080578,1.622012064144637
0.44922636200742105,1614260351.0830035,-4.546509499890311,2.814728979292482,1.652731164266223
0.10084148187320552,1614260351.1030035,-4.506091413867905,2.6876512675948216,1.6850253132922275
0.3084635062040342,1614260351.1230035,-4.463366926729201,2.5567150071132234,1.7189865900027537
0.09875987170388156,1614260351.1430035,-4.418228240870422,2.4221053208484165,1.7547034061953937
0.10061049203413552,1614260351.1630034,-4.370557555445364,2.2840265726427575,1.7922610172256848
0.13352383592651185,1614260351.1830037,-4.320224090892392,2.1427036607199548,1.831747269215086
0.3724604295100098,1614260351.2030036,-4.267089809703704,1.9983936469851358,1.8732395678750775
0.1478216495573521,1614260351.2230036,-4.211003140598455,1.8513891929801627,1.9168160607605076
0.4020800449781914,1614260351.2430036,-4.15180441587563,1.7020484425798914,1.9625349810582504
0.15986965486706795,1614260351.2630036,-4.089323759794127,1.5508141850315798,2.0104304908178756
0.42856380946585526,1614260351.2830036,-4.023358685580389,1.3982067937407823,2.060552179912127
0.1679952527652202,1614260351.3030035,-3.953698593412978,1.244830338726611,2.1129229604570856
0.44962345705505546,1614260351.3230035,-3.8801411967438315,1.091358146113413,2.1675215754645762
0.17109119200840472,1614260351.3430035,-3.8025081093709283,0.9385095658475409,2.224271783506752
0.17109119200840472,1614260351.3430035,-3.8025081093709283,0.9385095658475409,2.224271783506752
0.13802556262412313,1614260351.3630035,-3.7206602108767073,0.7870242373015393,2.2830354536716473
0.46869877733327087,1614260351.4030035,-3.5440386820035226,0.4910655637288233,2.405767679572125
0.7699331221201966,1614260351.4230034,-3.4493062017445784,0.3479633026328812,2.469167283004164
0.15667481759473062,1614260351.4430037,-3.350403731000601,0.20895283926006106,2.5334828768038022
0.4588546184700806,1614260351.4630036,-3.2474367438362193,0.07462864073056857,2.598371491985278
0.1716684523538511,1614260351.4830036,-3.1405402119772075,-0.05445941172974662,2.66345440919896
0.4745546926962791,1614260351.4830036,-3.1405402119772075,-0.05445941172974662,2.66345440919896
0.16955611510771273,1614260351.5230036,-2.915651861187428,-0.29498201111842715,2.7924819759891544
0.4110579635989623,1614260351.5430036,-2.7980626617254396,-0.40556787785394366,2.8554810491182363
0.1772775631611252,1614260351.5630035,-2.677338172415339,-0.5092595389001486,2.916798926118782
0.3749048652679494,1614260351.5830035,-2.553677756765382,-0.6057942149553703,2.97595339280872
0.18225605077261153,1614260351.6030035,-2.427244688534399,-0.6949505846178798,3.0325113963391606
0.333157002371675,1614260351.6230035,-2.298164629123661,-0.7765444522981763,3.0861002884370965
0.2015580992245639,1614260351.6430035,-2.1665338908976866,-0.8504374015654201,3.136409656369868
0.2996124784357186,1614260351.6630034,-2.032423861650334,-0.9165224279605283,3.1831887353122803
0.23166298160961685,1614260351.6830037,-1.895888253149761,-0.9747108116548849,3.226237314593617
0.31328512619205995,1614260351.7030036,-1.7569718612795509,-1.0249241077135798,3.265392946621779
0.2579733985743691,1614260351.7230036,-1.6157172265298245,-1.0670854630382802,3.3005174710285337
0.3365142272454478,1614260351.7430036,-1.4721701784175405,-1.1011211359305586,3.3314880175774606
0.47139391236963246,1614260351.7630036,-1.3263812874680412,-1.1269677431090774,3.3581965520477888
0.293704347366452,1614260351.7830036,-1.1783988166830148,-1.1445603485266633,3.3805532168487655
0.41664007896854804,1614260351.8030035,-1.0282639381247765,-1.153825822440047,3.398486889891524
0.22506682993535798,1614260351.8230035,-0.876010442325805,-1.1546874414931396,3.4119429165883
0.2209534069486847,1614260351.8430035,-0.7216665325326111,-1.1470762013243516,3.4208816138350087
0.336132526960222,1614260351.8630035,-0.5652541095729974,-1.1309334318485864,3.4252778076811956
0.5194853178292715,1614260351.8830035,-0.40678701352261765,-1.1062055462701903,3.425119998440922
0.35435337357381214,1614260351.9030035,-0.24627011110275937,-1.0728367072181066,3.4204077406836686
0.5682441931801916,1614260351.9230034,-0.08370205562326095,-1.0307729170856343,3.41114876668926
0.36808924516767616,1614260351.9430037,0.08092156560457758,-0.9799666518100748,3.3973571384663277
0.6126678339671413,1614260351.9630036,0.24760637933610952,-0.9203781890147722,3.379051826193697
0.38051285368035237,1614260351.9830036,0.41635849833083327,-0.8519716339190128,3.356255407006136
0.6558592589209372,1614260352.0030036,0.5871836533123164,-0.7747127638307235,3.3289930268353234
0.39158938103746654,1614260352.0230036,0.7600863155666876,-0.6885676473600023,3.2972916602558477
0.6977398336668802,1614260352.0430036,0.9350668828100708,-0.5935076058279711,3.2611818164018485
0.4012725417339773,1614260352.0630035,1.112119078490138,-0.4895131516564858,3.220701119121455
0.7381271559611127,1614260352.0830035,1.2912286471792893,-0.37657034415591223,3.1758988810840445
1.0902375283799106,1614260352.1030035,1.4723735198965484,-0.2546628837617623,3.1268408417766556
0.4103622340513703,1614260352.1230035,1.655522918009861,-0.12377115312975978,3.0736137988617513
0.7926475550619201,1614260352.1430035,1.8406343792997024,0.0161185365457167,3.0163296288165196
0.04906299820796356,1614260352.1630034,2.0276541460239166,0.16500633055524658,2.955130598487815
0.03425722371446127,1614260352.1830037,2.2165202770754626,0.322874334391823,2.8901967765183407
0.4108092176905483,1614260352.2030036,2.4071663491111335,0.48969259817145433,2.8217567843965248
0.850568886391674,1614260352.2230036,2.5995268334201365,0.6654370649860543,2.750102066819002
0.4061162367609905,1614260352.2430036,2.7935283333823873,0.8500449800091332,2.6755969311879304
0.8718939988496237,1614260352.2630036,2.9890809303379906,1.0433889580304114,2.598715744076179
0.396046393224043,1614260352.2830036,3.18605761411437,1.2451432138985643,2.520101829760335
0.8832773507166056,1614260352.3030035,3.3842788987323793,1.4546446162740023,2.44059355926122
0.37566867633053747,1614260352.3230035,3.583558861396466,1.6711387375511972,2.361308268818328
0.8760398140259935,1614260352.3430035,3.783682561878529,1.8936340877635613,2.2835561818172985
0.34661722017832997,1614260352.3630035,3.984385034999437,2.1207782698714515,2.208676026213307
0.8484861429263564,1614260352.3830035,4.185335317696544,2.3508009231587392,2.1377800394496753
1.3463551949191168,1614260352.4030035,4.386130487363595,2.5815790108677095,2.0714842448329365
0.2955516859054459,1614260352.4230034,4.586289109003863,2.8108319698266366,2.0099279427508523
0.7774099616319914,1614260352.4430037,4.785260421794436,3.036362888771674,1.9525718987599174
0.6893649634690071,1614260352.4430037,4.785260421794436,3.036362888771674,1.9525718987599174
0.24307106150154034,1614260352.4830036,5.17748427002564,3.469536902682732,1.8460163002945031
0.2259054103062501,1614260352.5030036,5.369836818501484,3.6749990756055624,1.7946102238880817
0.663861716128908,1614260352.5230036,5.559299538336689,3.8723330099890685,1.7434505722841354
0.23929966447435325,1614260352.5430036,5.745769806976559,4.061421618334644,1.6922920571893472
0.6147783940597362,1614260352.5630035,5.929260500759222,4.242304459147258,1.6412762649360628
0.29121448512585824,1614260352.5830035,6.109869412129074,4.415083676729346,1.5908171838397955
0.5695047051699458,1614260352.6030035,6.287755233194008,4.579879361189336,1.5414599240543383
0.33861243728020995,1614260352.6230035,6.4631130276235575,4.73680180949306,1.4937474867864788
0.5264618862711745,1614260352.6430035,6.636140762782394,4.885911416047141,1.4481262494783858
0.3761094249735,1614260352.6630034,6.80701165063397,5.027204673845292,1.4048769363765419
0.48397502339794407,1614260352.6830037,6.975847850375699,5.16059078867269,1.3641021149332797
0.4018271516461396,1614260352.7030036,7.142707359330324,5.285884425602987,1.3257493786362304
0.48586363390736964,1614260352.7230036,7.307590308929056,5.402839301179723,1.2896409703969958
0.7470689296132413,1614260352.7430036,7.470450088490148,5.51117645441159,1.2555192832783157
0.41876249793835085,1614260352.7630036,7.631208863153758,5.610613601974497,1.2230894710910134
0.5180840101397621,1614260352.7830036,7.789774412064547,5.7008898187256944,1.1920572910491936
0.46567361746109537,1614260352.8030035,7.946054333286313,5.781778570737706,1.1621603759087706
0.45759247222469357,1614260352.8230035,8.09996690943877,5.853094447447404,1.1331864750494056
0.41836423912669396,1614260352.8430035,8.251446445379578,5.914687717316499,1.1049813740673133
0.5431483612586621,1614260352.8630035,8.4004447036608,5.966438588296255,1.0774446392368102
0.4119296389641198,1614260352.8830035,8.54692867672799,6.008251270255907,1.0505188560010628
0.5504242418244394,1614260352.9030035,8.690874841093109,6.040044199001959,1.0241774887598099
0.4011002848733346,1614260352.9230034,8.832262702044687,6.0617430555784955,0.9984105579697417
0.5535749878144295,1614260352.9430037,8.971069376821092,6.0732750459829035,0.9732105394006431
0.38572069335903525,1614260352.9630036,9.10726583697632,6.074567743778069,0.9485601488663832
0.5524239369855457,1614260352.9830036,9.240814355746242,6.065547945352815,0.9244252224350493
0.36744333582448285,1614260353.0030036,9.371666554564726,6.046137710718539,0.9007541489071254
0.5486865170392801,1614260353.0230036,9.499762028142918,6.016264972013611,0.8774791799754476
0.7372886244580465,1614260353.0430036,9.625020939399787,5.9758739434833155,0.8545270123438466
0.3360436518970996,1614260353.0630035,9.747333998799162,5.924921508490664,0.8318371111743678
0.5392780676992031,1614260353.0830035,9.86655681397406,5.863370293926023,0.8093767251118045
0.23376873120191377,1614260353.1030035,9.982516808925071,5.791207070663675,0.7871400564050403
0.21352050970330683,1614260353.1230035,10.095019779597703,5.7084455884194,0.7651486502773248
0.2880778892892225,1614260353.1430035,10.203856589261036,5.615123206626648,0.7434501933260992
0.5181924633208435,1614260353.1630034,10.308810223208708,5.511298117709357,0.7221143421594405
0.2618270047635919,1614260353.1830037,10.40966118780357,5.397045341033512,0.7012278820905203
0.5032866044155531,1614260353.2030036,10.506191186514313,5.272454008436495,0.6808896137463192
0.23457386872290387,1614260353.2230036,10.598184490789103,5.137625400717241,0.6612061929927209
0.48568685408844803,1614260353.2430036,10.68542710152336,4.9926714398568395,0.6422897792218337
0.20613939992155572,1614260353.2630036,10.767705034552943,4.837716268915602,0.6242560118416784
0.46508604365952366,1614260353.2830036,10.844799980821282,4.67289717972137,0.6072234035662816
0.18852616290137258,1614260353.3030035,10.916484983431035,4.498368314614604,0.5913122846564209
0.4412332181506765,1614260353.3230035,10.982519865419631,4.314303333688447,0.5766450033606881
0.7080644667608955,1614260353.3430035,11.042648307004159,4.120898803871719,0.5633467261517253
0.138470616441556,1614260353.3430035,11.042648307004159,4.120898803871719,0.5633467261517253
0.41349699665508965,1614260353.3830035,11.1440799302627,3.707002141085064,0.5413737715316768
0.18599110444378752,1614260353.4030035,11.184791286139735,3.4870561347924354,0.532970452662547
0.20049559963098706,1614260353.4230034,11.218419206118304,3.258874065629435,0.5264819880206713
0.2610978997637231,1614260353.4430037,11.244641829792846,3.0228315677839324,0.5220668376678601
0.4839144050290445,1614260353.4630036,11.26313009065801,2.7793524480239866,0.5198924840383995
0.28134541894917187,1614260353.4830036,11.27354805656336,2.528912416364631,0.520127594900331
0.5390186759095232,1614260353.5030036,11.275554294527998,2.272038543446247,0.5229332169069364
0.2993510364872523,1614260353.5230036,11.268804929265938,2.009302719846066,0.5284566105346646
0.5915422580145477,1614260353.5430036,11.252965757610884,1.7413163951017028,0.5368223356625428
0.3113405717617406,1614260353.5630035,11.227723433867466,1.4687211600598131,0.5481276180181288
0.6371159204178438,1614260353.5830035,11.192799330978232,1.192180097477914,0.5624378012030995
0.3209955171855513,1614260353.6030035,11.147954570848016,0.912366750500243,0.579789077012945
0.6787708902902657,1614260353.6230035,11.0929927306029,0.6299567755326223,0.6001926349049221
0.3277936811762105,1614260353.6430035,11.027760146938212,0.34562322027788933,0.6236389089743077
0.7154692645493385,1614260353.6630034,10.952139412775685,0.06003424032103277,0.6501047782280521
1.1171824034297346,1614260353.6830037,10.866053154923545,-0.226145230056535,0.6795521888787411
0.33308332099542504,1614260353.7030036,10.769457280671935,-0.5122514805705596,0.7119323189420923
0.7608200622264412,1614260353.7230036,10.662341008046706,-0.7976196062377693,0.7471846618806701
0.30268359825677793,1614260353.7430036,10.544730774953262,-1.081582133852949,0.7852324177199469
0.2997901664405269,1614260353.7630036,10.416679801122141,-1.3634671885954985,0.8259862494572786
0.2997901664405269,1614260353.7630036,10.416679801122141,-1.3634671885954985,0.8259862494572786
0.32730534012996293,1614260353.7830036,10.278276558950056,-1.6426036397757098,0.8693343449688231
0.2916909238804164,1614260353.8030035,10.129636944563382,-1.9183284199430668,0.9151386146737951
0.3216970208554667,1614260353.8230035,9.970895903225431,-2.18999941432925,0.9632324236186538
0.28101721586178585,1614260353.8430035,9.802206865927928,-2.45701754481574,1.0134176184797816
0.31542148840938244,1614260353.8630035,9.623715762337534,-2.7188355409351592,1.0654765092934306
0.26929215832835873,1614260353.8830035,9.435554137455092,-2.9749691193471475,1.1191811282992241
0.3082132372895352,1614260353.9030035,9.237846802863196,-3.2250149545503772,1.17431099175629
0.2636449816549076,1614260353.9230034,9.030713533313541,-3.4686582381540005,1.2306806429802652
0.3008112575274431,1614260353.9430037,8.81424503396232,-3.705648210027441,1.2881722924276027
0.2532775646396368,1614260353.9630036,8.588529260159838,-3.935795745379832,1.3467279293662513
0.8141899859711261,1614260354.0030036,8.109746548196744,-4.374993979896435,1.4670363800669664
1.3376447917916119,1614260354.0230036,7.8569140443627825,-4.583793939904148,1.528858722045777
0.3219757967000334,1614260354.0430036,7.595306301510256,-4.785214677871329,1.5918491184591141
0.8139103695075458,1614260354.0630035,7.325087023914574,-4.979099989572468,1.6560322863700199
0.24966289584296275,1614260354.0830035,7.046431667414539,-5.165268399830997,1.7214108009652749
0.251110410878852,1614260354.1030035,6.759528992709171,-5.343522787176532,1.7879584600354241
0.34188731503147474,1614260354.1230035,6.46457531427409,-5.513656831091685,1.855622349726157
0.8149599889275081,1614260354.1430035,6.161768216964177,-5.675461222230224,1.924329649043098
0.3452474262704808,1614260354.1630034,5.851307273164701,-5.8287369168923835,1.993992413493661
0.8138691320545401,1614260354.1830037,5.533386127724712,-5.973292571994288,2.0645204518031077
0.34608364387940194,1614260354.2030036,5.208205675403902,-6.108956061757452,2.1358259642859765
0.8105968322518744,1614260354.2230036,4.875991893431715,-6.235572063037393,2.2078331150522996
0.34395243003666875,1614260354.2430036,4.5370093232638355,-6.352982548723426,2.280488063166479
0.8037841477252932,1614260354.2630036,4.191590437974578,-6.461017009763025,2.3537552796451373
0.33804205880126936,1614260354.2830036,3.840160519395788,-6.559471066385103,2.4276169313777882
0.7919521076101228,1614260354.3030035,3.483263379120965,-6.648101224654555,2.502062163823066
0.32736844655403363,1614260354.3230035,3.121588189474553,-6.726622971174595,2.5770658666178767
0.773109456562342,1614260354.3430035,2.7560250679568927,-6.794730254151535,2.652543240197884
1.2745642211098405,1614260354.3630035,2.387727242453445,-6.852137313657674,2.7282931197357954
0.29304514380434954,1614260354.3830035,2.0181160496100192,-6.898560736042751,2.8039909739355404
0.7253900097302608,1614260354.4030035,1.6488736625324012,-6.933763680788159,2.879178669045601
0.22865933368414249,1614260354.4230034,1.281894493636935,-6.957730018517198,2.9532290090673063
0.6675758682699915,1614260354.4230034,1.281894493636935,-6.957730018517198,2.9532290090673063
0.21966598438758844,1614260354.4430037,0.9191671715638049,-6.970804975114581,3.025336614279196
0.6331680856246038,1614260354.4830036,0.21409941626805296,-6.967464360296519,3.1598407128122665
0.18669982332895274,1614260354.5030036,-0.1250796556007864,-6.9536091473236,3.2202033704244517
0.5567023463591267,1614260354.5230036,-0.4538448954341565,-6.933725954516087,3.2748185327477413
0.1784886772893275,1614260354.5430036,-0.7715282039975222,-6.909405645112595,3.3230923393457306
0.4875216264188711,1614260354.5630035,-1.0778178127577303,-6.882041854755527,3.3646578606794746
0.20322089563880552,1614260354.5830035,-1.372554305650817,-6.852686121552267,3.399303039817436
0.4338167287139447,1614260354.6030035,-1.6556944742930793,-6.8220418280808275,3.426932631562846
0.23351300554530874,1614260354.6230035,-1.9272352690466188,-6.7905036978649145,3.447520004840996
0.4476300158285935,1614260354.6430035,-2.1871688016647397,-6.758236804742143,3.461069634053061
0.43289585141759757,1614260354.6430035,-2.1871688016647397,-6.758236804742143,3.461069634053061
0.467709226426543,1614260354.6830037,-2.6721353493435482,-6.691584044405328,3.4671128744620607
0.6657683233257354,1614260354.7030036,-2.8971043825260936,-6.6571819639888385,3.459620730328924
0.29891232772999077,1614260354.7230036,-3.110345677681391,-6.622137818165178,3.4451127891499875
0.4864034858330659,1614260354.7430036,-3.3118147067968806,-6.5866195903059666,3.4235724323031906
0.6657438128856548,1614260354.7430036,-3.3118147067968806,-6.5866195903059666,3.4235724323031906
0.6395331713572046,1614260354.7630036,-3.501468926165987,-6.550889717404108,3.3949798333780694
0.30970252119024844,1614260354.8030035,-3.8451821688074532,-6.480200194526052,3.316566639129633
0.47935768341175633,1614260354.8230035,-3.9992036932002653,-6.446010451936516,3.266743258711401
0.3210381917376295,1614260354.8430035,-4.14132379993208,-6.413056686783684,3.2098807695322455
0.4619800527626725,1614260354.8630035,-4.2715202861283545,-6.381591243822586,3.1460660970216288
0.33039792159735404,1614260354.8830035,-4.389750884239708,-6.3517518120896,3.0754820824469715
0.435027733878262,1614260354.9030035,-4.4959331993362595,-6.323552956534174,2.998439883803038
0.33226286872461985,1614260354.9230034,-4.589922860623233,-6.296899958499657,2.9153847751404243
0.39661562814638307,1614260354.9430037,-4.671565322172929,-6.271608477612561,2.826891453362431
0.3233813461102266,1614260354.9630036,-4.740728962442086,-6.247435728166112,2.7336342705695618
0.34703743056195835,1614260354.9830036,-4.797327387905191,-6.224114117328529,2.6363451895812338
0.2714065471820235,1614260354.9830036,-4.797327387905191,-6.224114117328529,2.6363451895812338
0.3545853229355882,1614260355.0230036,-4.872750571079068,-6.179000851632997,2.4326299649582594
0.4184681781101922,1614260355.0430036,-4.891674524542082,-6.1567744238126005,2.3275967285002452
0.2627877932540472,1614260355.0630035,-4.898207475475885,-6.134541961215847,2.2212802785157875
0.35318946909024973,1614260355.0830035,-4.892489641465372,-6.112175044635175,2.114229520109426
0.29805468720804384,1614260355.0830035,-4.892489641465372,-6.112175044635175,2.114229520109426
0.27206339772565524,1614260355.1030035,-4.87467526021412,-6.089564414425227,2.0069467758179123
0.18300741566072376,1614260355.1430035,-4.803474159062619,-6.043191608790797,1.7935477792334715
0.3172029543922985,1614260355.1630034,-4.750492928019385,-6.019193838404738,1.6883357011590716
0.13690376944013583,1614260355.1830037,-4.686236202768234,-5.994475113259419,1.5846920943702554
0.3345360205892878,1614260355.2030036,-4.610960353922007,-5.968892242566828,1.482992300796183
0.1463027991885677,1614260355.2230036,-4.524883783880605,-5.942298681852171,1.38356149865111
0.3676458291901761,1614260355.2430036,-4.428185374278472,-5.914546033628871,1.2866695264749346
0.17157525882036828,1614260355.2630036,-4.321021858764201,-5.885485920345668,1.192529188062133
0.3987222157642787,1614260355.2830036,-4.203533605747901,-5.85496946800489,1.1013116936022775
0.21592675474352063,1614260355.3030035,-4.075854831524204,-5.822846719333358,1.0131645889019476
0.4284802561069626,1614260355.3230035,-3.9381247172752363,-5.788965800025531,0.9282292876625825
0.2561088805537778,1614260355.3430035,-3.7904950015933694,-5.753171652319865,0.8466570443716028
0.4572361587023739,1614260355.3630035,-3.63314153519748,-5.715306000701116,0.7686146183579757
0.7385380205123911,1614260355.3830035,-3.4662657725829447,-5.675205501271252,0.6942890185923571
0.3025163330665559,1614260355.4030035,-3.2900964173862604,-5.632700353989188,0.6238836617019118
0.49649749427906176,1614260355.4230034,-3.104888875497863,-5.587613604701957,0.5576098694985723
0.3059076382631794,1614260355.4430037,-2.9109163376884704,-5.539758842156731,0.49568263361498655
0.3155585550461194,1614260355.4630036,-2.7084690967100857,-5.488941359768595,0.43830775566165714
0.3500272691656258,1614260355.4830036,-2.4978465643458394,-5.434957968035836,0.38567806542708566
0.578175512623132,1614260355.5030036,-2.2793538698105213,-5.377597060193799,0.3379727065072367
0.3677273494931906,1614260355.5230036,-2.0533183820972196,-5.316641621683993,0.29535267216719197
0.6283383774890721,1614260355.5430036,-1.8201068919270007,-5.251863288833898,0.25797387714276
0.37965009702456914,1614260355.5630035,-1.5801436621021026,-5.183013685301258,0.2260001169644123
0.6726822383311316,1614260355.5830035,-1.333923506517059,-5.1098158865188035,0.19961430390347637
0.38475606976585713,1614260355.6030035,-1.0820409818620131,-5.031962763522671,0.1790091972839172
0.7097234135453601,1614260355.6230035,-0.8252421481013562,-4.949131088174417,0.16434603195450884
0.3851776060934429,1614260355.6430035,-0.564417687884949,-4.860958484275343,0.15579043497823636
0.7406184457159842,1614260355.6630034,-0.3006006441875765,-4.7670478107153,0.15350355734336263
0.34710216262703913,1614260355.6630034,-0.3006006441875765,-4.7670478107153,0.15350355734336263
0.7630709591585269,1614260355.7030036,0.23122938878097324,-4.560506723950139,0.16797451045811707
1.1583543718283933,1614260355.7230036,0.49666041494676594,-4.447228569081151,0.1845487420932027
0.35812155155984515,1614260355.7430036,0.7600300399867113,-4.326956643984754,0.20696175842641504
0.7734302341068982,1614260355.7630036,1.0200886956710988,-4.199521081777969,0.23477622308229518
0.5385574833113573,1614260355.7630036,1.0200886956710988,-4.199521081777969,0.23477622308229518
0.5678988660323242,1614260355.7830036,1.2756654497838529,-4.0648169425905,0.26746600998263326
0.29439467173442563,1614260355.8230035,1.7691694972049008,-3.7735740390177126,0.34501259675554746
0.7303098415367535,1614260355.8430035,2.0052524950081105,-3.6172440516386857,0.3885147813756387
0.2511091600063642,1614260355.8630035,2.2331346848537805,-3.454053594803486,0.43423449795952856
0.6870520751104869,1614260355.8830035,2.452106232865529,-3.284311480591877,0.4814637508402937
0.24937582875525843,1614260355.9030035,2.661574972340636,-3.1083849525087808,0.5295092980064919
0.6321917613097141,1614260355.9230034,2.861053482402101,-2.92664638530977,0.5777364311655825
0.2749630403583183,1614260355.9430037,3.0501325575806404,-2.7394332434801507,0.625596482183871
0.5703225238291865,1614260355.9630036,3.2284913152852126,-2.547042804239766,0.6726218470868238
0.3090064258373221,1614260355.9830036,3.3958898626045144,-2.3497257210933666,0.7184186360494564
0.5063322801128047,1614260356.0030036,3.5521502444802264,-2.1476814591715883,0.7626561106300368
0.33568591635871414,1614260356.0030036,3.5521502444802264,-2.1476814591715883,0.7626561106300368
0.4608223340398555,1614260356.0430036,3.830765611999864,-1.729973424612051,0.8453687894545437
0.8190231514234126,1614260356.0630035,3.9529449080503527,-1.5145068296205821,0.8833958852910312
0.3729038819689433,1614260356.0830035,4.06360258402758,-1.2947360369934933,0.9189569096479194
0.46489290592299515,1614260356.1030035,4.162661453223869,-1.0707477080651269,0.9518973454259445
0.7257883343359137,1614260356.1030035,4.162661453223869,-1.0707477080651269,0.9518973454259445
0.7147706367849861,1614260356.1230035,4.2500406091491865,-0.8426549294007084,0.9820790984557556
0.40093599441782907,1614260356.1630034,4.389410372954114,-0.374807981118856,1.0336839314967337
0.5671678418238296,1614260356.1830037,4.4412311649657505,-0.13551498436937182,1.0549242888285804
0.40341899183033175,1614260356.2030036,4.481008733381086,0.10696031701748239,1.0730629678724137
0.6060484583843146,1614260356.2230036,4.5086338015803245,0.3522593084519164,1.0881074245536262
0.40103692459377993,1614260356.2430036,4.5240112193057636,0.5999842024922142,1.100104072801909
0.6386846519607012,1614260356.2630036,4.527061253218433,0.8497122611409917,1.109134370171096
0.393845292837151,1614260356.2830036,4.517724421549386,1.1010078642306609,1.1153089085388164
0.6645755105248241,1614260356.3030035,4.495964436547363,1.35343142090177,1.1187622325242748
0.38118327202858215,1614260356.3230035,4.461766323277574,1.606544353589711,1.11965124107852
0.682671424153912,1614260356.3430035,4.4151420165845625,1.8599095619394312,1.1181526039959222
0.3624724995543538,1614260356.3630035,4.3561262613245795,2.1130883541249195,1.1144645378615894
0.6920132308168878,1614260356.3830035,4.284780984858954,2.365629879405988,1.1088106083457492
1.0343684304874385,1614260356.4030035,4.201217824719166,2.6170490116570435,1.1014377010660426
0.3199961515536125,1614260356.4230034,4.105592611933325,2.866794483645196,1.0926136864696094
0.6848936014793996,1614260356.4430037,3.998108998511935,3.1142245814708702,1.0826299477908865
0.17754172666809231,1614260356.4630036,3.8790286530731675,3.358602941015814,1.0718009109427673
0.17513014051990083,1614260356.4830036,3.748689941529535,3.599116394524095,1.0604551701825606
0.24765296839515982,1614260356.5030036,3.6075310351204433,3.8349117817188554,1.0489189530566485
0.6407357071725142,1614260356.5230036,3.456082107159397,4.065131876268795,1.0375052367902806
0.23627549970711592,1614260356.5430036,3.294954559223037,4.288951232745933,1.0265032688445415
0.6127234927421319,1614260356.5630035,3.124828718504966,4.505606768017606,1.0161698858898132
0.21955343304105113,1614260356.5830035,2.9464268169115235,4.714407481477466,1.0067314207106306
0.5974627930383888,1614260356.6030035,2.760506242635991,4.914748283765685,0.9983794041442172
0.19679874134090514,1614260356.6230035,2.567844184790214,5.106101829536643,0.9912762634062573
0.571600226845238,1614260356.6430035,2.369233708237836,5.288011069735801,0.9855580321590538
0.16869770583933685,1614260356.6630034,2.1654893298522224,5.46008821482559,0.9813318211110809
0.5360014550004524,1614260356.6830037,1.9574442196227833,5.621995645707785,0.9786830291605622
0.1453554618771028,1614260356.7030036,1.745951754299247,5.773457915333558,0.9776684367110929
0.4920090113788833,1614260356.7230036,1.531862751361062,5.914273523424866,0.9783134776487323
0.840220683473943,1614260356.7430036,1.3159893263517786,6.044302544375794,0.98062270378358
0.14818128573247957,1614260356.7630036,1.099076273332077,6.163430081326966,0.9846006407093726
0.41481461369472916,1614260356.7830036,0.8817927715375249,6.271586982263456,0.9902414488639194
0.7052314602321282,1614260356.7830036,0.8817927715375249,6.271586982263456,0.9902414488639194
0.6934816361782298,1614260356.8030035,0.6647279619569656,6.368740599909199,0.9975333376822749
0.13867631886896423,1614260356.8430035,0.23324244564061433,6.530020404373192,1.0170196328265815
0.13867631886896423,1614260356.8430035,0.23324244564061433,6.530020404373192,1.0170196328265815
0.14783306194726806,1614260356.8830035,-0.19196322156443374,6.647359847327279,1.0429689043117767
0.3162404088820574,1614260356.9030035,-0.40132288942474353,6.68961555336762,1.0583335572369563
0.39266812019965985,1614260356.9030035,-0.40132288942474353,6.68961555336762,1.0583335572369563
0.33235482935657845,1614260356.9430037,-0.8120130473431973,6.741433529229621,1.0937303513246834
0.38209011397440495,1614260356.9430037,-0.8120130473431973,6.741433529229621,1.0937303513246834
0.19169846760794185,1614260356.9630036,-1.0127720067580441,6.751039059386422,1.1137031945298679
0.20529563192152733,1614260357.0030036,-1.4037265221731683,6.737792712181913,1.158010248979429
0.20529563192152733,1614260357.0030036,-1.4037265221731683,6.737792712181913,1.158010248979429
0.3429853664579072,1614260357.0230036,-1.5933594549060563,6.715029406188131,1.1822625933077004
0.21667506266259062,1614260357.0430036,-1.7787123612443068,6.681585153994689,1.2078609436571928
0.6414081590937679,1614260357.0830035,-2.135414966144205,6.5829877891039486,1.2629613377784856
0.23153308218705515,1614260357.1030035,-2.30619100748817,6.518040416503401,1.2924252871568485
0.4086655212036088,1614260357.1230035,-2.4715464705526107,6.44281836456193,1.3231641688581768
0.41429918852148373,1614260357.1230035,-2.4715464705526107,6.44281836456193,1.3231641688581768
0.2566593575857572,1614260357.1630034,-2.784953697589464,6.262086995271504,1.3885272831257618
0.2566593575857572,1614260357.1630034,-2.784953697589464,6.262086995271504,1.3885272831257618
0.4393898304322814,1614260357.2030036,-3.073697621512159,6.041946450237242,1.4592120478120842
0.22727628611222706,1614260357.2030036,-3.073697621512159,6.041946450237242,1.4592120478120842
0.2545600548757194,1614260357.2230036,-3.2082789634548967,5.917481201042882,1.496611909323954
0.1979257938501835,1614260357.2430036,-3.336070731888284,5.7836290929906,1.535421262260412
0.4602472587633071,1614260357.2830036,-3.5705608257453147,5.488410872694135,1.6173927499654766
0.1808948152096863,1614260357.2830036,-3.5705608257453147,5.488410872694135,1.6173927499654766
0.26637424357037176,1614260357.3030035,-3.6769146684673717,5.327392036003862,1.660615670609114
0.18590526758219883,1614260357.3230035,-3.7757703752869585,5.157698770575423,1.7053669261750233
0.46868134507396486,1614260357.3630035,-3.9501196692981377,4.793292571448782,1.7995417588413207
0.2759813255092909,1614260357.3830035,-4.025078158387724,4.599196689745692,1.8489945746852687
0.46498763416885436,1614260357.4030035,-4.091477805439614,4.397679192758851,1.9000292936496246
0.783582105095552,1614260357.4230034,-4.148978641774816,4.189199095044446,1.9526428305267158
0.2742500757519504,1614260357.4430037,-4.197233820090229,3.9742826250075964,2.006831273037102
0.5121082894061999,1614260357.4630036,-4.235891168146017,3.753529504069008,2.0625937138085506
0.21026842107821686,1614260357.4830036,-4.264623010089993,3.5276577205978286,2.119906908477542
0.21254221807811824,1614260357.5030036,-4.283093144252925,3.297506084725864,2.178737105400351
0.2616033158133133,1614260357.5230036,-4.290937216124174,3.064030109482293,2.239045904944982
0.5621335181166005,1614260357.5430036,-4.287833074461177,2.8283097969728015,2.3007516530757806
0.2475538017139316,1614260357.5630035,-4.2735281381799375,2.5915197010070377,2.3637194854862607
0.5738735764173728,1614260357.5830035,-4.247872575364964,2.3548873329568853,2.427751329324576
0.224315095178504,1614260357.6030035,-4.210843875643745,2.1196492354950878,2.492588279399792
0.5705994832913406,1614260357.6230035,-4.162539183733101,1.8870201828518638,2.5579389229587615
0.1928838309911225,1614260357.6430035,-4.103215986219235,1.6581590067943182,2.623485486986813
0.5522772349160294,1614260357.6630034,-4.033241396873797,1.4341515779442862,2.6888968727162506
0.1542719823655243,1614260357.6830037,-3.9530287828191617,1.2160181879343865,2.7538358135581156
0.5196688473573603,1614260357.7030036,-3.863056475031967,1.0046973690855034,2.8179395519138737
0.13791958756140754,1614260357.7230036,-3.763855527294772,0.8010490401954377,2.88081110905742
0.47351506007047506,1614260357.7430036,-3.656018055944692,0.6058265568725693,2.942013380605444
0.8346241697310393,1614260357.7630036,-3.5401580575029454,0.4196621598706887,3.001098094822381
0.15577308116227825,1614260357.7830036,-3.416858172504802,0.243077871666458,3.0576406495890667
0.38469003402495017,1614260357.8030035,-3.2866293727592226,0.07651784540770247,3.111261803054237
0.37240981734171485,1614260357.8230035,-3.149926434721595,-0.0796706407667289,3.161633550875999
0.38572820197029545,1614260357.8430035,-3.0071448003050167,-0.22521812441853148,3.2084828576248547
0.20779597842648967,1614260357.8630035,-2.8586264829171646,-0.35991510707151564,3.2515886026567604
0.25740977832895096,1614260357.8830035,-2.7046682664594868,-0.4835909052421483,3.2907715232549544
0.236897519233221,1614260357.9030035,-2.545533607462435,-0.596101494844099,3.325879975659657
0.26884760147617115,1614260357.9230034,-2.381465735926321,-0.697323341812049,3.3567759179848706
0.2645106639852707,1614260357.9430037,-2.212694201242212,-0.7871371561474622,3.383322694148455
0.33740349077802734,1614260357.9630036,-2.039447507010174,-0.8654352210462458,3.405378496688953
0.2905359051463271,1614260357.9830036,-1.8619560682471619,-0.9321158346322048,3.4227925225280402
0.40446004574835104,1614260358.0030036,-1.6804517892783721,-0.9870820899737892,3.4354064055532216
0.31108035361303554,1614260358.0230036,-1.4951649073414486,-1.0302585555925188,3.4430655052760413
0.46604382665247535,1614260358.0430036,-1.3063065692539344,-1.0615852319623618,3.4456336939542727
0.3314902365082786,1614260358.0630035,-1.1140551075945457,-1.081005253174857,3.4430040054607143
0.5274343042028169,1614260358.0830035,-0.9185527426329718,-1.0884648084658468,3.43510274743676
0.7438345580395308,1614260358.1030035,-0.7199099753384514,-1.0839203854459625,3.421889683914451
0.36245343423249987,1614260358.1230035,-0.5182143375450677,-1.067347274046266,3.403354846588547
0.619606190899737,1614260358.1430035,-0.31353462456603803,-1.0387209650455567,3.379508111901049
0.3163287125728252,1614260358.1630034,-0.1059349681530054,-0.9980314554168124,3.350373429218143
0.2970983164601104,1614260358.1830037,0.10452028014540668,-0.9452698860335078,3.3159804851083146
0.40304389488379333,1614260358.2030036,0.31775938470915804,-0.880428526783883,3.276360571578823
0.7407024018429572,1614260358.2230036,0.5336951878575971,-0.8035164278325371,3.231549966719444
0.4204333532111979,1614260358.2430036,0.752228387544924,-0.7145367302196662,3.181594053977307
0.7975020725243014,1614260358.2630036,0.9732409183882159,-0.6135119550747565,3.126562640652405
0.4374041942906337,1614260358.2830036,1.1966036949386505,-0.5004568730915894,3.066561837566674
0.8528632935388883,1614260358.3030035,1.4221756563112193,-0.3753854257861018,3.0017461469964757
0.4531503473839187,1614260358.3230035,1.6497997136535094,-0.23833913314864955,2.9323321490753216
0.9053772704458265,1614260358.3430035,1.8793102094672738,-0.08934865351666234,2.8586062014591653
0.4652056779458579,1614260358.3630035,2.110522058533879,0.07150423327900472,2.7809339044182697
0.9517093972743653,1614260358.3830035,2.3432378042560127,0.2441314393509296,2.6997731368838207
0.10314165764068264,1614260358.3830035,2.3432378042560127,0.2441314393509296,2.6997731368838207
0.9859831893596575,1614260358.4230034,2.8122766014921314,0.6240957869756699,2.5293085962793085
1.5164561515190063,1614260358.4430037,3.048059976131502,0.8309555630671315,2.441478784850792
0.4476397756102204,1614260358.4630036,3.2841962973754666,1.0483200687839327,2.3531661922320817
0.9981338470126937,1614260358.4830036,3.5201555148341597,1.2751761592148219,2.2654874287191906
0.2044196260047768,1614260358.5030036,3.755287225297846,1.5103661795313896,2.1797041819313545
0.23007099312950685,1614260358.5230036,3.988861303768461,1.7524834025676788,2.097099220066231
0.3523938553288841,1614260358.5430036,4.220113295134625,1.9998592814339522,2.0188879054056645
0.90416916786465,1614260358.5630035,4.448345521847328,2.2504613264238356,1.9459468645724851
0.2959544360629216,1614260358.5830035,4.672974117444875,2.5019980887344073,1.878758165137779
0.8259988322902712,1614260358.6030035,4.89360740097802,2.7520403383067102,1.8172771202215638
0.34806525310363345,1614260358.6230035,5.110148142134173,2.998279019146758,1.7608136619043713
0.7526965612149585,1614260358.6430035,5.322669767870429,3.2386940896862857,1.7084512691485438
0.39195819323698866,1614260358.6630034,5.53132640856446,3.4716012535437395,1.659303863706734
0.6855445452705677,1614260358.6830037,5.736334529818352,3.6957839555660903,1.6125828695378193
0.4318172922716077,1614260358.7030036,5.937906612098459,3.91052117010992,1.5677182354126185
0.6249952742276084,1614260358.7230036,6.136179123903937,4.115470651415734,1.5244431850219617
0.4333762504177916,1614260358.7230036,6.136179123903937,4.115470651415734,1.5244431850219617
0.5702414192495568,1614260358.7630036,6.522883512070126,4.495738359153423,1.4429002458494093
0.9717917539294307,1614260358.7830036,6.711171378709678,4.671193368099627,1.4050927867552916
0.5123694886185841,1614260358.8030035,6.895942982315631,4.83698759850215,1.3695796085705123
0.5704594124097933,1614260358.8230035,7.077108197451539,4.993154235941571,1.3364882624757894
0.7399223972174502,1614260358.8230035,7.077108197451539,4.993154235941571,1.3364882624757894
0.7198863307307506,1614260358.8430035,7.254613638073496,5.1396334545912055,1.3058109949731402
0.515668507859381,1614260358.8830035,7.5986583752341135,5.402793629459069,1.2510068941708525
0.5909227303664424,1614260358.9030035,7.765311238753803,5.518919122771988,1.226280041870562
0.49781615077480224,1614260358.9230034,7.928513250710859,5.624314979010067,1.202842277763982
0.5858553379154845,1614260358.9430037,8.088380162202549,5.718671692017438,1.1803132891076191
0.4734118147341895,1614260358.9630036,8.245024437531736,5.801718382892355,1.158349214614663
0.5770931538359143,1614260358.9830036,8.398542068654777,5.873236048758588,1.1366678407697466
0.44627237941988707,1614260359.0030036,8.549003315582754,5.933058516673999,1.1150616624161849
0.5673717218029328,1614260359.0230036,8.696449413412155,5.981069129627075,1.0933978049094646
0.4174643301331773,1614260359.0430036,8.840893515975639,6.017193514374407,1.0716084840341547
0.5566328865904671,1614260359.0630035,8.982324796382786,6.041388467784778,1.0496762545736413
0.3888982213338308,1614260359.0830035,9.120715261568757,6.053630129062803,1.027615933996734
0.5460965111327318,1614260359.1030035,9.256028429292371,6.053905180613913,1.005455760370338
0.7122243306927977,1614260359.1230035,9.38822671592188,6.042208888522184,0.9832225195315089
0.3459151817716778,1614260359.1430035,9.517270352722052,6.018547670794752,0.9609356241976844
0.529686913026617,1614260359.1630034,9.64310664763401,5.98293797894259,0.938609879706865
0.2608086034554902,1614260359.1630034,9.64310664763401,5.98293797894259,0.938609879706865
0.24028671830644865,1614260359.1830037,9.76565672864406,5.935398828372705,0.916263203679189
0.28564699902005786,1614260359.2230036,10.000425978258573,5.804654104711732,0.871617744536533
0.5028718499414575,1614260359.2430036,10.112337427130816,5.7215586079328355,0.8493998392662732
0.2544828231138395,1614260359.2630036,10.22035521869262,5.6267554740981005,0.8273286752572014
0.48665444482626274,1614260359.2830036,10.324274178148784,5.520350003411933,0.8054814836871106
0.24334939102600828,1614260359.3030035,10.423878857004485,5.402466121409034,0.783950823406371
0.46937727957802444,1614260359.3230035,10.518947681943573,5.27324502946095,0.7628432358377419
0.234885690704994,1614260359.3430035,10.609255759604926,5.132844514040352,0.7422771586259519
0.4517144157598325,1614260359.3630035,10.694575710305644,4.98143909236275,0.7223805113024704
0.22447590582393784,1614260359.3830035,10.774676470748826,4.819219778706516,0.7032889466781621
0.4537997888851284,1614260359.4030035,10.84932160033867,4.646395922855272,0.6851438442982661
0.13604351860021868,1614260359.4030035,10.84932160033867,4.646395922855272,0.6851438442982661
0.45176367586281196,1614260359.4430037,10.981254320101389,4.2698744375491575,0.6522808652122962
0.6972787119905655,1614260359.4630036,11.038018073986738,4.066707510238945,0.6378652201444887
0.23418074285835633,1614260359.4830036,11.088274953177613,3.854004468012649,0.6249993618524688
0.4411890100483402,1614260359.5030036,11.131729347264542,3.6321055154340653,0.6138410483460488
0.5108882008315847,1614260359.5030036,11.131729347264542,3.6321055154340653,0.6138410483460488
0.24806933526189145,1614260359.5430036,11.196982903350287,3.162273703311905,0.5972784034317267
0.2728923355488324,1614260359.5630035,11.218121801277086,2.9152475280370926,0.5921816496812311
0.5115179801678992,1614260359.5830035,11.23113406701925,2.6608431406651536,0.5894151726705229
0.29074786622027093,1614260359.6030035,11.235659944557897,2.399647898506924,0.5891356445757329
0.5647643222552906,1614260359.6230035,11.231351412446694,2.1322972542968666,0.5914929242894922
0.30240348074903545,1614260359.6430035,11.217885866316609,1.8594653602689988,0.5966227346951692
0.6109473545073242,1614260359.6630034,11.194974429099304,1.58185168892637,0.6046414998935246
0.31223562534901095,1614260359.6830037,11.162366716747858,1.3001680734814491,0.6156426392308408
0.6538413290887367,1614260359.7030036,11.119852157483095,1.0151283354163076,0.629694045640662
0.31959513354401425,1614260359.7230036,11.067257299079047,0.7274411167508489,0.6468379994163882
0.6922929387340168,1614260359.7430036,11.004445066731403,0.4378074900671268,0.6670899455750243
0.3245883998893644,1614260359.7630036,10.931308788259926,0.1469207373740932,0.6904406937888031
0.7259921184964713,1614260359.7830036,10.84777195297064,-0.14453099971665936,0.7168558400158703
1.1407282178339684,1614260359.8030035,10.753786770710908,-0.4358615591576037,0.7462761976526924
0.3257343367096238,1614260359.8230035,10.649331231943899,-0.7263835515964507,0.778619496962792
0.7648320950446581,1614260359.8430035,10.534414771889516,-1.0154066991015316,0.8137776477383624
0.3186149674488986,1614260359.8630035,10.409073635201052,-1.3022367541723894,0.8516201935935008
0.3138548522984548,1614260359.8830035,10.273376954042268,-1.586179268567965,0.8919927386966311
0.3171220041008075,1614260359.9030035,10.127430704141808,-1.8665507335515927,0.934720573714941
0.7942222248086355,1614260359.9230034,9.971374981375433,-2.1426984332060295,0.9796173720019572
0.3113676895332026,1614260359.9430037,9.805373588463612,-2.4140206802797857,1.026490264191553
0.8017653637445755,1614260359.9630036,9.629587494782252,-2.679972113190209,1.0751504118111426
0.3046106004841924,1614260359.9830036,9.444173657537103,-2.9400765155409796,1.1254158860383803
0.8050694234052471,1614260360.0030036,9.249288590196555,-3.1939439374076826,1.1771222197521836
0.2974721283616317,1614260360.0230036,9.045076342151722,-3.4412709791540066,1.230144019628073
0.8057167222070494,1614260360.0430036,8.83164943447492,-3.6818192633897,1.2844134215609961
0.2950740097349793,1614260360.0630035,8.609108247050115,-3.915408297655434,1.3399084521993667
0.8052785308841963,1614260360.0830035,8.377554061547938,-4.1418980655913025,1.3966382987928587
0.3074089574871506,1614260360.1030035,8.137092949793848,-4.3611648908642735,1.4546306432625942
0.8054938664600255,1614260360.1230035,7.8878433734241575,-4.573084666036049,1.5139148320552456
1.3284271182607197,1614260360.1430035,7.629939037154721,-4.777519021304871,1.574509392317682
0.3239485968175304,1614260360.1630034,7.363528354551725,-4.97430754346133,1.6364146406520799
0.8075790589865581,1614260360.1830037,7.088776129933682,-5.163269413537748,1.6996059942067137
0.24831734145195794,1614260360.2030036,6.805858218990976,-5.344205526878097,1.764036915983001
0.24848852225585283,1614260360.2230036,6.514960694667469,-5.51691022054149,1.8296396448261372
0.33883708981286076,1614260360.2430036,6.216274594069546,-5.681178804385992,1.8963315170122883
0.8107701631403239,1614260360.2630036,5.909989899691535,-5.8368134473011395,1.9640243084867308
0.3414171559671342,1614260360.2830036,5.596296878212402,-5.983633787503876,2.0326264678227237
0.8101477723728472,1614260360.3030035,5.275387542946566,-6.1214753356322325,2.1020549411473097
0.3417228036574502,1614260360.3230035,4.9474766511015895,-6.25019453969696,2.172241852383261
0.8066225788624819,1614260360.3430035,4.6128136092912095,-6.3696514443096905,2.243142546279524
0.33912394105136157,1614260360.3630035,4.271696019406484,-6.479686321274848,2.314730090789761
0.7991612629229108,1614260360.3830035,3.924499261641542,-6.580123692614123,2.3869706398338133
0.33277545463689284,1614260360.4030035,3.571677858038175,-6.6707428898155605,2.459828923316341
0.7862533755670409,1614260360.4230034,3.213800375237728,-6.751293766483801,2.5332511688777
0.3181741477100397,1614260360.4430037,2.8515969519578803,-6.8214953419172994,2.60712479034867
0.766214947481644,1614260360.4630036,2.486027051310057,-6.8810430577129225,2.6812380231218964
1.2565236736323562,1614260360.4830036,2.118340041722652,-6.929630331473003,2.7552724659251226
0.2815973817807107,1614260360.5030036,1.7500878851526123,-6.966973540672642,2.8288161409077595
0.7131660348226578,1614260360.5230036,1.3830986914710128,-6.992949865273414,2.901345186443721
0.21297468861140767,1614260360.5430036,1.0193872274004159,-7.007731378230346,2.97221663374441
0.2257168860334725,1614260360.5630035,0.6610038943661584,-7.0118683258966925,3.040687605496652
0.20648469942998232,1614260360.5830035,0.30985134738923853,-7.006343085973442,3.1059485042606463
0.6135964800377268,1614260360.6030035,-0.032429014215663424,-6.992475015987963,3.1671747530773
0.18284882000752814,1614260360.6230035,-0.3645707469575346,-6.971833566532604,3.2235741284879578
0.5310101378622268,1614260360.6430035,-0.6857652261029354,-6.946079080527068,3.2744469517340224
0.32285039888034417,1614260360.6430035,-0.6857652261029354,-6.946079080527068,3.2744469517340224
0.18933954021992871,1614260360.6630034,-0.995635844529569,-6.916742768288902,3.3192390411884083
0.21434941488638426,1614260360.7030036,-1.5808204730058404,-6.851844212734472,3.389055940167325
0.43083081681030966,1614260360.7230036,-1.8560214764392555,-6.817694522565118,3.4136258515074607
0.4074696750003002,1614260360.7230036,-1.8560214764392555,-6.817694522565118,3.4136258515074607
0.45050083899423443,1614260360.7630036,-2.3715879820639847,-6.747540818477785,3.441704298490233
0.2733835442418284,1614260360.7830036,-2.6119042942932325,-6.711690595998522,3.445243668661502
0.46906464406943993,1614260360.8030035,-2.8405175155665043,-6.675357708316163,3.4418429024248036
0.46906464406943993,1614260360.8030035,-2.8405175155665043,-6.675357708316163,3.4418429024248036
0.3034607235653417,1614260360.8430035,-3.262439097070083,-6.601577804732264,3.4143664205081334
0.4836654863581753,1614260360.8630035,-3.4556587911035046,-6.564495340858131,3.3902988878745886
0.45774204228601834,1614260360.8830035,-3.6370102462688623,-6.527659903420568,3.3593003901991327
0.6161077885635686,1614260360.8830035,-3.6370102462688623,-6.527659903420568,3.3593003901991327
0.30441994856758114,1614260360.9230034,-3.964066022732741,-6.456167555550194,3.276236889571665
0.4684165197421186,1614260360.9430037,-4.109803158379305,-6.422229287770098,3.2240391862635955
0.3153534109670879,1614260360.9630036,-4.2437111729344545,-6.389877979375457,3.164704344622515
0.44769643245743085,1614260360.9830036,-4.365776468737946,-6.35926629714361,3.098328852254548
0.3884311930779263,1614260360.9830036,-4.365776468737946,-6.35926629714361,3.098328852254548
0.3226052585925374,1614260361.0030036,-4.475927328379235,-6.330419486979311,3.025157116934348
0.3202056773691444,1614260361.0430036,-4.659852603510437,-6.277563258941412,2.8602009578366347
0.37417617762635524,1614260361.0630035,-4.733289000653431,-6.253114532840009,2.7696669109560736
0.5065059306524606,1614260361.0830035,-4.794203077532096,-6.229618452042287,2.674755154010911
0.2991604623184223,1614260361.1030035,-4.842531576569813,-6.206793879007331,2.5762523674538453
0.3423343413070472,1614260361.1230035,-4.878279926712303,-6.184384887170606,2.4749211464860053
0.22847067934230392,1614260361.1430035,-4.901506637832683,-6.162174845416779,2.371467664897303
0.21631575442194206,1614260361.1630034,-4.9123113449925375,-6.139989560073426,2.2665256396419466
0.21631575442194206,1614260361.1630034,-4.9123113449925375,-6.139989560073426,2.2665256396419466
0.24246165635804662,1614260361.1830037,-4.910827892701731,-6.117691309677272,2.1606556362793787
0.20273924829054168,1614260361.2230036,-4.871600566428679,-6.072310760770327,1.9481108549981565
0.32260118527270465,1614260361.2430036,-4.834205126014773,-6.0490155572841156,1.8423491549436888
0.15771782643674648,1614260361.2630036,-4.785216516953091,-6.025156402419393,1.737522942361051
0.30617264958334545,1614260361.2830036,-4.7248658972945305,-6.000592071215683,1.6340616305092042
0.1328135510448023,1614260361.3030035,-4.653402833211263,-5.975171295589176,1.5323490664005854
0.341233472030787,1614260361.3230035,-4.571044792711328,-5.948737347623109,1.4327211338806023
0.14758119612229703,1614260361.3430035,-4.477972133092939,-5.921132337821866,1.3354606560486166
0.37433657675904963,1614260361.3630035,-4.374345252636396,-5.8922010823930435,1.2407938691882725
0.19480605669427997,1614260361.3830035,-4.260310272108305,-5.8617915298503585,1.1489032200142786
0.40572112296338236,1614260361.4030035,-4.1360048863660825,-5.8297528002502315,1.0599462553089414
0.659851329144498,1614260361.4230034,-4.001569318722082,-5.795932648402519,0.9740717686195385
0.25646166737826626,1614260361.4430037,-3.8571552991214344,-5.760174410690473,0.8914340558754891
0.44984337332317503,1614260361.4630036,-3.7029343141241053,-5.722314485053555,0.8122013633676751
0.2670193784466507,1614260361.4830036,-3.5391030730255384,-5.682181189577467,0.7365581954001575
0.28124587539527934,1614260361.5030036,-3.365886943570028,-5.63959500115243,0.6647022376782343
0.3181974869760077,1614260361.5230036,-3.1835343655441832,-5.594368886238075,0.5968412719434705
0.5053614365150438,1614260361.5430036,-2.992309872412464,-5.546309212165005,0.5331894440240252
0.3427099417496929,1614260361.5630035,-2.7924946603472742,-5.49521908448873,0.4739562822360054
0.5505254766433116,1614260361.5830035,-2.58438096125747,-5.440901128856155,0.4193401624072448
0.3628881590644968,1614260361.6030035,-2.3682699056341443,-5.383158366742536,0.36952677370760695
0.6032060317093064,1614260361.6230035,-2.144480526820877,-5.321793098933633,0.32468999973024665
0.37862869192759707,1614260361.6430035,-1.9133654394028303,-5.256603338396616,0.2849945216813755
0.6515348893253325,1614260361.6630034,-1.6753149658403947,-5.187366071932508,0.2506129790525676
0.38743101757280657,1614260361.6830037,-1.430782156720142,-5.113829128317307,0.22171369039374766
0.6927930089549151,1614260361.7030036,-1.180297952885991,-5.035703727008041,0.19846607663243934
1.0141650290319748,1614260361.7230036,-0.9245149968949332,-4.952675397576475,0.1810268112868752
0.39169389167110813,1614260361.7430036,-0.664240451911974,-4.864403602524905,0.1695427302639944
0.7440241448126222,1614260361.7630036,-0.4004360328935261,-4.770508721352229,0.16417368321438475
0.3450123162115424,1614260361.7830036,-0.13421821375406498,-4.670592141578464,0.1650566646349869
0.34007340774907857,1614260361.8030035,0.133161093731629,-4.564279516935258,0.17223915610305518
0.37757365296191575,1614260361.8230035,0.40036568687761726,-4.451252801172336,0.18564139957906867
0.7826287741210323,1614260361.8430035,0.6660372148843178,-4.33127091186877,0.20504310342791868
0.3572177001729878,1614260361.8630035,0.9288511022888439,-4.204172598386826,0.2300980561528264
0.7804418671855274,1614260361.8830035,1.1875696500315118,-4.069894974275206,0.26032605131107805
0.3275961406749938,1614260361.9030035,1.4410716886486044,-3.9284660353015193,0.2951417742407408
0.7621382791816071,1614260361.9230034,1.688338649927194,-3.7799698114402625,0.33392072760750763
0.28725238467899955,1614260361.9430037,1.9284504947512924,-3.624553505452912,0.37600757823753
0.7262155014705608,1614260361.9630036,2.1605705979863963,-3.46242738694094,0.42072447328201534
0.24427553799747165,1614260361.9830036,2.383956120753445,-3.293874048972297,0.4673659379089377
0.6783218858805059,1614260362.0030036,2.597970333742362,-3.1192306606110485,0.5152202735233846
0.32475008864850985,1614260362.0030036,2.597970333742362,-3.1192306606110485,0.5152202735233846
0.6195058343818055,1614260362.0430036,2.9958798522099883,-2.753067766568729,0.6119069853414807
1.0412307144561306,1614260362.0630035,3.179005771120587,-2.5621533854661984,0.6595915654026764
0.3051839579085204,1614260362.0830035,3.3512173523156474,-2.366331894639892,0.7062066093162824
0.5235993872573635,1614260362.1030035,3.5123348174755042,-2.1657745803252695,0.751374726326399
0.7425517181607579,1614260362.1030035,3.5123348174755042,-2.1657745803252695,0.751374726326399
0.35561682208196,1614260362.1430035,3.8007603452644725,-1.7509546056116192,0.83616731276845
0.3596334244123043,1614260362.1630034,3.9278575745739763,-1.5369094436060684,0.8752925670540456
0.45101441036781076,1614260362.1830037,4.043418217745266,-1.3186003789583065,0.9119459660636513
0.3798732405964521,1614260362.2030036,4.1473587993253895,-1.0961827619893136,0.9459388653435749
0.482807825088852,1614260362.2230036,4.239586963008464,-0.8698442393732373,0.9771146397841767
0.39487745598354074,1614260362.2430036,4.319987831942492,-0.6398011402083885,1.0053526635407775
0.5346874082843864,1614260362.2630036,4.388456090121958,-0.40630481729444734,1.0305707759744074
0.40007466979161144,1614260362.2830036,4.444905163983102,-0.16963594602684015,1.052731545229548
0.5761728593595226,1614260362.3030035,4.489241958889447,0.06991188643761319,1.0718443932197457
0.4008471948500237,1614260362.3230035,4.521379754511853,0.3120377029821143,1.0879568924277732
0.6121915783693328,1614260362.3430035,4.541250075363841,0.5564375816348497,1.1011420667092109
0.3969590602256704,1614260362.3630035,4.548800223104698,0.8028062272617261,1.1114890919278957
0.6421804131808326,1614260362.3830035,4.543993740576979,1.050830812592946,1.1190988068316727
0.9037334552758842,1614260362.4030035,4.526808167916191,1.3001823099855077,1.1240828347899705
0.3815488632714674,1614260362.4230034,4.497228846479928,1.550507131645181,1.1265645070173465
0.6743149482516106,1614260362.4430037,4.4552576086521665,1.8014183165106203,1.1266808447304038
0.27875838410674314,1614260362.4630036,4.4009121227734855,2.0524891137578476,1.124586400598186
0.4412866266586901,1614260362.4630036,4.4009121227734855,2.0524891137578476,1.124586400598186
0.33605241377249384,1614260362.5030036,4.255285595255474,2.5531776844251803,1.1144908834603575
0.6832296755709499,1614260362.5230036,4.16419604259269,2.8016977432988006,1.1069232331983059
0.3065023256749515,1614260362.5430036,4.0611431257708555,3.0481587368805743,1.0980262169420862
0.6748669961986293,1614260362.5630035,3.9463686031297938,3.2918353537692506,1.0881126859481465
0.2723527368054508,1614260362.5830035,3.820182349699533,3.531938498164399,1.0775243890066963
0.6561691019137295,1614260362.6030035,3.682985968549293,3.7676445889862618,1.0666104958705203
0.2420177373084047,1614260362.6230035,3.535268773117265,3.9981237841309305,1.055706357129866
0.6261332126732726,1614260362.6430035,3.377601788368805,4.222567594996882,1.045109203674953
0.22950168827906792,1614260362.6630034,3.2106329057750504,4.440220443443927,1.0350606082012108
0.6059407191624036,1614260362.6830037,3.0350631324633848,4.650398194584094,1.025752114632714
0.9830819680296989,1614260362.7030036,2.851590806552594,4.852461172515064,1.0173580596582479
0.20202447832787684,1614260362.7230036,2.660932938087146,5.045837585498504,1.0100311181761206
0.5771899835508776,1614260362.7430036,2.463832694745006,5.230031300748875,1.0039026648066098
0.330207019807373,1614260362.7630036,2.2610550927102095,5.404610379166401,0.9990894811307289
0.3463138122243996,1614260362.7830036,2.0533952330920506,5.569210921774193,0.9956886684064961
0.3463138122243996,1614260362.7830036,2.0533952330920506,5.569210921774193,0.9956886684064961
0.5047805217187585,1614260362.8230035,1.626734727131962,5.867274520755546,0.9934182483913988
0.15621645599423795,1614260362.8430035,1.4094246283870544,6.000296254454361,0.9946222068482471
0.4553077342031018,1614260362.8630035,1.1905597595168007,6.1224636606443505,0.9973949604658631
0.15391851684662472,1614260362.8830035,0.9708991977215016,6.233671834721316,1.001752803736827
0.4040667287137759,1614260362.9030035,0.7511375897404517,6.333866746263597,1.0077085910018326
0.1493034082048681,1614260362.9230034,0.5318938315846387,6.423042748729567,1.0152694352736238
0.35055500089760316,1614260362.9430037,0.31370896343899946,6.5012133854395655,1.0244457542750933
0.14375087137729248,1614260362.9630036,0.09705270183390763,6.568405335907361,1.035247908276874
0.31465118075883586,1614260362.9830036,-0.11766499715137899,6.624655965708961,1.0476811484747313
0.5677113796178117,1614260363.0030036,-0.3300784292212767,6.670004734583468,1.0617451110167349
0.16753777211257515,1614260363.0230036,-0.5398546151041596,6.70449294693833,1.0774311044144416
0.3355811243253367,1614260363.0430036,-0.7466873408919182,6.728163570265008,1.0947212303729446
0.37709012551181675,1614260363.0630035,-0.9502921456154741,6.741057271119313,1.1135913632373906
0.3680301480891619,1614260363.0830035,-1.1503985242413288,6.743206930038182,1.1340158795534887
0.20219226548112368,1614260363.1030035,-1.3467451505495196,6.73464743875613,1.155965131971589
0.36441556203887604,1614260363.1230035,-1.5390743625462582,6.71542127918561,1.1794053159174185
0.21455733090314277,1614260363.1430035,-1.7271267786191993,6.685579897595417,1.2043000301182356
0.38016152993380725,1614260363.1630034,-1.9106386231793295,6.645187198367956,1.2306118717287156
0.225998736530862,1614260363.1830037,-2.0893409927015596,6.5943223446226344,1.2583056981948288
0.39533703870572423,1614260363.2030036,-2.2629599034613754,6.5330786076049945,1.2873522709551313
0.23608099184019893,1614260363.2230036,-2.4312186748866074,6.461562617626206,1.317729111595336
0.4117150687361457,1614260363.2430036,-2.5938423642652584,6.379894246299748,1.349418254524535
0.24502950997911732,1614260363.2630036,-2.7505615847474827,6.288204610423369,1.3824044449465598
0.42685573612262195,1614260363.2830036,-2.9011164794882034,6.186636228723756,1.4166752369665903
0.25082588186480725,1614260363.3030035,-3.0452595876734003,6.075343736973335,1.4522239831035113
0.43939391893063684,1614260363.3230035,-3.1827534409337184,5.954488287409506,1.4890557903879948
0.7383933279517974,1614260363.3430035,-3.3133724240639757,5.824239701073328,1.5271876299427194
0.25992165372619014,1614260363.3630035,-3.4369033296448084,5.684777607312827,1.5666471976082985
0.45235275610765746,1614260363.3830035,-3.5531445951124354,5.536291464009406,1.60747166226389
0.18532887811614973,1614260363.4030035,-3.6619058919274234,5.378981359119381,1.6497062636249258
0.18734998637671807,1614260363.4230034,-3.763004944017145,5.213059168212133,1.6934036529196248
0.2727175491675513,1614260363.4430037,-3.8562623310774446,5.038756915170526,1.7386194419138021
0.46044454954383807,1614260363.4630036,-3.94148916927945,4.856336503644147,1.7854060849602347
0.2758165017426797,1614260363.4830036,-4.018471367912616,4.6660963111283476,1.8338105919591259
0.45761741079716156,1614260363.5030036,-4.086962814292987,4.4683806866872215,1.8838726646681336
0.27570140183087877,1614260363.5230036,-4.146683511831781,4.263589396036333,1.9356209089352328
0.4899056226976759,1614260363.5430036,-4.197326632083947,4.052189880205088,1.989068734222951
0.27393356611853314,1614260363.5630035,-4.238565388744726,3.8347269440491036,2.044217368318046
0.522169253809224,1614260363.5830035,-4.270053788269063,3.6118362345940116,2.1010507460779824
0.26969142012093483,1614260363.6030035,-4.291433892925295,3.3842683424355675,2.1595185781803354
0.5501602301529207,1614260363.6230035,-4.302343810168485,3.152903746261067,2.2195327092810104
0.26118450617343836,1614260363.6430035,-4.302432899761716,2.9187520320744658,2.2809730827841266
0.570750950285543,1614260363.6630034,-4.2913951433590745,2.6829374463898414,2.343687184808965
0.8931885765820757,1614260363.6830037,-4.269018981401172,2.446669929547074,2.4074811323048277
0.23196538045420523,1614260363.7030036,-4.235213902888259,2.2112007168885723,2.4721203843889907
0.5757977189007966,1614260363.7230036,-4.190019715678033,1.977776361633094,2.5373341803698772
0.524325268115001,1614260363.7230036,-4.190019715678033,1.977776361633094,2.5373341803698772
0.5545049520560357,1614260363.7430036,-4.1336011141085125,1.7476006055745723,2.6028222025626833
0.16743252253199015,1614260363.7830036,-3.9882986999480825,1.3014479682307842,2.733304625646491
0.5337369094698952,1614260363.8030035,-3.900245863118533,1.0874866864564021,2.7975948939804645
0.1386523162335711,1614260363.8230035,-3.802603419777064,0.8808021155659012,2.8607506077407407
0.49116380933067283,1614260363.8430035,-3.6959497859287618,0.6821840701152496,2.922365372156574
0.15315086454870447,1614260363.8630035,-3.5808957717132106,0.4923204571243883,2.982009413792825
0.4362110720530054,1614260363.8830035,-3.458051597505388,0.311789677004098,3.0392513631641207
0.160228494918985,1614260363.9030035,-3.3279871108703363,0.14107276955040476,3.093688013645702
0.37275739404121383,1614260363.9230034,-3.1912107689758535,-0.019433513578055728,3.1449638438275382
0.18246327436099433,1614260363.9430037,-3.048171212264061,-0.1694168651394292,3.192778934154767
0.3083648715749962,1614260363.9630036,-2.899257031287751,-0.30863324068233605,3.2368904139702237
0.2140522324145156,1614260363.9830036,-2.7448041616711887,-0.4368899811874993,3.2771069042960526
0.24571890211090963,1614260364.0030036,-2.5851058908240323,-0.5540260842330129,3.313277946767335
0.5463322616452116,1614260364.0230036,-2.420426936072111,-0.6599049074599653,3.3452795098836554
0.2585958091119721,1614260364.0430036,-2.2510120108775866,-0.7544077029950842,3.3729969799284234
0.3261864841477473,1614260364.0630035,-2.077089824676511,-0.8374256941730235,3.3963104999157845
0.4267096159494014,1614260364.0830035,-1.8988784658730706,-0.9088569487564649,3.41508616027004
0.4233126312939537,1614260364.1030035,-1.716589703311197,-0.9686073700952536,3.4291746287245743
0.3063661559574271,1614260364.1230035,-1.5304307351366724,-1.0166013738002275,3.438421150377426
0.45576376868891244,1614260364.1430035,-1.3405961743154706,-1.0527778014301412,3.4426816708372288
0.3280769074553189,1614260364.1630034,-1.1472576281047326,-1.0770701188631766,3.4418340089347015
0.5184587769216031,1614260364.1830037,-0.9505679820364723,-1.0894239881983383,3.435787916201516
0.3498372447256868,1614260364.2030036,-0.7506589780416858,-1.0897939555994662,3.424489649565068
0.5810675636632765,1614260364.2230036,-0.5476429269003923,-1.0781466743014967,3.407922663066741
0.3706667155556272,1614260364.2430036,-0.34161362051675676,-1.0544498259890238,3.386102072637269
0.6424464679714567,1614260364.2630036,-0.13265086398537085,-1.0186683026925252,3.359066600049324
0.39129183639092974,1614260364.2830036,0.07916639402003015,-0.9707886756043462,3.326873124147082
0.703163202384171,1614260364.3030035,0.2937597331768632,-0.9107973329687709,3.289586439946249
0.4092008494733268,1614260364.3230035,0.5110432222479685,-0.8386950339640176,3.2472752926546136
0.7605566849535237,1614260364.3430035,0.7309230712669655,-0.7544840523768939,3.2000102877805374
1.1314060871947231,1614260364.3630035,0.9532995680950405,-0.6581566997105425,3.1478647350337643
0.4360477025424653,1614260364.3830035,1.1780573473615537,-0.5497374507370104,3.090924592355783
0.8451754988464141,1614260364.4030035,1.4050727486534795,-0.429249730581707,3.0292999174990634
0.1596668434415569,1614260364.4230034,1.6342096352935847,-0.296742036684506,2.963143140554027
0.13459910478570894,1614260364.4430037,1.8653246108382548,-0.15225890126039057,2.8926665548971435
0.46425143342422337,1614260364.4630036,2.0982697825272743,0.0041680122780358,2.8181584232168513
0.9452962602285302,1614260364.4830036,2.332877548722897,0.17243970056959163,2.7399930508997232
0.4692710076660851,1614260364.5030036,2.5689606727169156,0.3524599157072417,2.6586402302112835
0.9821475029437478,1614260364.5230036,2.80627951650305,0.5440480232770096,2.5746706862895232
0.464610438390078,1614260364.5430036,3.0445027564061826,0.7469657194563031,2.48878359850188
1.004077379383576,1614260364.5630035,3.283149790824745,0.9608686070888313,2.4018665795594725
0.4439159828925361,1614260364.5830035,3.5215684226907955,1.1849535138785996,2.31497068428085
1.0001551411079974,1614260364.6030035,3.75898695852462,1.4181010496869126,2.229297597707526
0.4025918468811114,1614260364.6230035,3.994557212845719,1.6589575671135697,2.1461486688947957
0.9617092172651409,1614260364.6430035,4.2274055815597364,1.905869740272565,2.066791840383779
0.3484506961682272,1614260364.6630034,4.456730780679711,2.156799163651885,1.9922339793986317
0.8952839910028625,1614260364.6830037,4.68186886874806,2.4094075558311703,1.9231471648116303
1.4310705043784766,1614260364.7030036,4.902423950000515,2.661152271763716,1.8596604486210173
0.3212921225950516,1614260364.7230036,5.118363068321298,2.9095523824782252,1.8012342758670963
0.783934457572105,1614260364.7430036,5.329864664546182,3.1524084017788048,1.747016314006966
0.36485270853644614,1614260364.7630036,5.537219638389162,3.387925436686948,1.6960796767750006
0.38300318834691005,1614260364.7830036,5.740755669018526,3.6148093458129438,1.6475864244142564
0.41219281027371957,1614260364.8030035,5.940756043657636,3.8322748154872106,1.6009317074522902
0.6504385142658473,1614260364.8230035,6.13740186055127,4.0399548741959075,1.5558188463742963
0.45641344463483713,1614260364.8430035,6.330752049662006,4.237752996021934,1.512248356323059
0.594706131729801,1614260364.8630035,6.520765589357297,4.425722881255568,1.4704291766071402
0.4951356825584736,1614260364.8830035,6.707344650259538,4.603987129873641,1.430657634970048
0.5469346592855722,1614260364.9030035,6.8903759234992465,4.772668973060009,1.39320808829629
0.5199806647885918,1614260364.9230034,7.069761117792145,4.931835146205024,1.358255048530004
0.5784546286067798,1614260364.9430037,7.245434872593398,5.081457603426297,1.3258323822917961
0.5282143297085646,1614260364.9630036,7.4173715816242565,5.2213989963154095,1.2958269231957185
0.5942330499970847,1614260364.9830036,7.585585240221034,5.351424482627123,1.2679963751922627
0.521522897979618,1614260365.0030036,7.750124833583011,5.471232262634152,1.2420030365588508
0.521522897979618,1614260365.0030036,7.750124833583011,5.471232262634152,1.2420030365588508
0.5977517029969814,1614260365.0230036,7.91106664146621,5.58049194090843,1.2174563611504088
0.40352360019433897,1614260365.0430036,8.068504660353925,5.678881727187734,1.193957101751998
0.4931449519690061,1614260365.0630035,8.22253955151144,5.76611424257364,1.1711381257489395
0.3395253567519949,1614260365.1030035,8.520777334671573,5.906211284042907,1.1264007379161443
0.47304492038067036,1614260365.1030035,8.520777334671573,5.906211284042907,1.1264007379161443
0.3169079922517206,1614260365.1230035,8.665134723601906,5.958756963508337,1.1041125163024572
0.4397772927241139,1614260365.1430035,8.80639096152534,5.999499797746479,1.0817566195153565
0.27157765475836193,1614260365.1630034,8.944576535315628,6.0283833842377375,1.0593159765375457
0.5617519659904453,1614260365.2030036,9.211773703612243,6.050448816607862,1.0142734012319534
0.2308143803686875,1614260365.2030036,9.211773703612243,6.050448816607862,1.0142734012319534
0.3843199228085177,1614260365.2230036,9.340774881090825,6.04359651905043,0.9917411444772619
0.19797911268114676,1614260365.2430036,9.466690259590075,6.024813111994724,0.9692367851700553
0.3558181014394697,1614260365.2630036,9.5894849326674,5.994106445597577,0.9467729155656394
0.16422632551060323,1614260365.2830036,9.709095648739096,5.951491901610548,0.924357743723628
0.32450109409283645,1614260365.3030035,9.825424064933715,5.896985289810364,0.9020045482671802
0.1438103174538361,1614260365.3230035,9.938341131422057,5.830618282102875,0.8797332563541509
0.2927421308464304,1614260365.3430035,10.04769211916044,5.752441993271691,0.8575748215347752
0.5102676664896812,1614260365.3630035,10.153302788127473,5.6625269847984026,0.8355749633318459
0.1316502397145315,1614260365.3830035,10.254985531453038,5.5609617626963255,0.8137963565045075
0.2527361572311958,1614260365.4030035,10.352545105093064,5.447852324105509,0.7923185011072212
0.2966755479800409,1614260365.4230034,10.445782429642144,5.323320974344671,0.7712364120864922
0.32441521724913847,1614260365.4430037,10.534496031624059,5.187505103145301,0.7506586041278936
0.11612726345411872,1614260365.4630036,10.618482150457757,5.040557896927204,0.7307041726920708
0.23353550737955497,1614260365.4830036,10.69753227222046,4.882647770583257,0.7115008886117494
0.1142929001913392,1614260365.5030036,10.77143056194656,4.713960319288268,0.6931829852491614
0.22044226479044682,1614260365.5230036,10.839951150440413,4.534700613061515,0.6758895845489058
0.15231596204210363,1614260365.5430036,10.902854763109975,4.345095074426321,0.6597643440551618
0.21981001977476933,1614260365.5630035,10.959887425917202,4.145395839639171,0.6449544479823942
0.18729097553591623,1614260365.5830035,11.010778497688007,3.9358830262782467,0.6316111428548472
0.24150712037535893,1614260365.6030035,11.05524076794899,3.7168686045411277,0.6198894587374886
0.21939643666048114,1614260365.6230035,11.092972093453,3.4887003726194417,0.6099475093412697
0.26243399631644737,1614260365.6430035,11.12365449627565,3.251768451722785,0.601946093283832
0.24911056835805157,1614260365.6630034,11.146953049268284,3.0065187880177335,0.5960458577085169
0.28169662192562894,1614260365.6830037,11.162511906230252,2.753458370611569,0.5924078522573339
0.5333527643541993,1614260365.7030036,11.169952531020341,2.4931498489687676,0.5911960978331916
0.28332908320059036,1614260365.7230036,11.168895538471679,2.2262168058945666,0.592564797822674
0.3029914153810471,1614260365.7430036,11.158975601956282,1.9533332684296694,0.5966531529029973
0.3073296354081574,1614260365.7830036,11.111243106508283,1.3925814341269909,0.6134434727952905
0.3138299921947374,1614260365.8030035,11.07288041604343,1.1061863159128333,0.6263198041582456
0.3138299921947374,1614260365.8030035,11.07288041604343,1.1061863159128333,0.6263198041582456
0.3225259960225164,1614260365.8230035,11.024564802457878,0.8167647752268381,0.6422629274907683
0.3241398983183655,1614260365.8430035,10.966135405445666,0.5250486603798062,0.6613076663465601
0.327132854262244,1614260365.8630035,10.897474471450282,0.23176139547867203,0.683468590405596
0.3292581826991645,1614260365.8830035,10.818503576550395,-0.06238049100741345,0.7087402976013475
0.32900667501853237,1614260365.9030035,10.729176250101464,-0.3566641878720488,0.737099755565012
0.3279757979597766,1614260365.9230034,10.629482619177324,-0.6503770695352332,0.7685002642002464
0.7742740420705876,1614260365.9630036,10.399104804344859,-1.233227623664484,0.8401188235564243
0.32277570395845756,1614260365.9630036,10.399104804344859,-1.233227623664484,0.8401188235564243
0.7894022034561639,1614260366.0030036,10.127882418156934,-1.8052025319556286,0.9226728319519166
1.2651354289540817,1614260366.0230036,9.977227502428498,-2.0853422672878814,0.9676114063891452
0.3103896181324364,1614260366.0430036,9.816739429987633,-2.360686518824991,1.0146895959693014
0.7994493124635755,1614260366.0630035,9.646586344186383,-2.6306218911240404,1.0636608322001413
0.6937185211815464,1614260366.0630035,9.646586344186383,-2.6306218911240404,1.0636608322001413
0.28551320836349037,1614260366.1030035,9.277967891906817,-3.152179003454736,1.1663600197393034
0.2951170087297148,1614260366.1230035,9.079833726489607,-3.4030033670120017,1.2197164038444255
0.8006535149280534,1614260366.1430035,8.872655760652638,-3.6468127272370587,1.2742655839807377
0.29406594871824243,1614260366.1630034,8.656534345184578,-3.8834216067983083,1.32997229325199
0.7988120568658399,1614260366.1830037,8.43156366102504,-4.112703648453946,1.3868431137805235
0.306867325471315,1614260366.2030036,8.197835403690139,-4.334560997537727,1.4449130322663486
0.7949880420966762,1614260366.2230036,7.955445771344921,-4.548899916821039,1.5042271521859834
0.31888264000462496,1614260366.2430036,7.704506144769762,-4.755616825647383,1.5648204678699598
0.7952972047603668,1614260366.2630036,7.44514033840915,-4.954582005590043,1.6267081475916179
0.3300803946274238,1614260366.2830036,7.177490162218372,-5.145642286315928,1.6898743824305524
0.797152610708993,1614260366.3030035,6.901710744658114,-5.328621034126425,1.7542721052980856
0.33756557380315066,1614260366.3230035,6.6179649076409115,-5.503324097656483,1.819827113935298
0.7995595313094264,1614260366.3430035,6.326425558788716,-5.669556509093781,1.886440545607676
1.3238506357059832,1614260366.3630035,6.02726154931045,-5.827119656295588,1.9540044933241596
0.24751545456751245,1614260366.3630035,6.02726154931045,-5.827119656295588,1.9540044933241596
0.7989293878492045,1614260366.4030035,5.406761640475599,-6.115532247524344,2.09153683567727
0.24117338713016512,1614260366.4230034,5.085796202220434,-6.246067581385729,2.1613156231493162
0.23911900082156645,1614260366.4430037,4.757967283268664,-6.367307285768647,2.2316829931379427
0.34441376933957546,1614260366.4630036,4.423515839733946,-6.479110895922569,2.3026158017059215
0.7925647115901828,1614260366.4830036,4.082741537076515,-6.581344315026203,2.374103930099987
0.34001317082587823,1614260366.5030036,3.736019158928436,-6.673861780481973,2.4461353348559696
0.34001317082587823,1614260366.5030036,3.736019158928436,-6.673861780481973,2.4461353348559696
0.3259932331631039,1614260366.5430036,3.026655461475271,-6.828933749389214,2.5917303704350516
0.7665659473551378,1614260366.5630035,2.6653006280255562,-6.8909940534922995,2.6651474077200117
0.22763531709221185,1614260366.5630035,2.6653006280255562,-6.8909940534922995,2.6651474077200117
0.3071343510558324,1614260366.5830035,2.3006809684546266,-6.942367220546937,2.738741215867444
0.2808692367543808,1614260366.6230035,1.5668290658252795,-7.011970679640893,2.884980431695192
0.2808692367543808,1614260366.6230035,1.5668290658252795,-7.011970679640893,2.884980431695192
0.20598210058411048,1614260366.6430035,1.2009297033727433,-7.029836764319484,2.956576232390083
0.6715089398766795,1614260366.6830037,0.4812988077801653,-7.033008371209977,3.0932223302447333
1.0973709316794977,1614260366.7030036,0.131782229476349,-7.020103949734186,3.1566633222679443
0.202889531822099,1614260366.7230036,-0.20843097812977354,-6.999524380138131,3.2157417660184384
0.570162435762994,1614260366.7430036,-0.5380211719326169,-6.973142376418614,3.269662527493854
0.3295681899448195,1614260366.7630036,-0.856206083869474,-6.942890410256595,3.3177245748274578
0.7330329416128258,1614260366.7630036,-0.856206083869474,-6.942890410256595,3.3177245748274578
0.3524633507932815,1614260366.7830036,-1.1627149430174761,-6.910486738059426,3.3593816343018306
0.4535909322797975,1614260366.8230035,-1.7407398942033399,-6.84391657700803,3.4220354397844868
0.26261042776705357,1614260366.8430035,-2.0124185302604216,-6.810974298528962,3.4426159760258974
0.26261042776705357,1614260366.8430035,-2.0124185302604216,-6.810974298528962,3.4426159760258974
0.4394900391553924,1614260366.8630035,-2.2726243647660858,-6.778482673257118,3.455913029186518
0.3014841945119988,1614260366.8830035,-2.5213608623447836,-6.746333886637603,3.46191664581096
0.33535210548296757,1614260366.9230034,-2.984267754814154,-6.68233146675063,3.4521726536462296
0.532959587730871,1614260366.9430037,-3.1983301160946747,-6.650223408424498,3.4365194743527154
0.3593057267613111,1614260366.9630036,-3.400728405536173,-6.6180569134954546,3.413729288492614
0.3593057267613111,1614260366.9630036,-3.400728405536173,-6.6180569134954546,3.413729288492614
0.732216856665322,1614260367.0030036,-3.7703759553068728,-6.554351744498497,3.346760539362345
0.36883209266957007,1614260367.0230036,-3.937586595986742,-6.52345440864165,3.3025365662542026
0.5459712084616619,1614260367.0430036,-4.093064942466834,-6.493683257029094,3.2511046453296464
0.4449308519688886,1614260367.0630035,-4.236830829141048,-6.465357158860278,3.192461835516457
0.4278037028660875,1614260367.0830035,-4.36888686097526,-6.438677427714649,3.1267058116723794
0.4278037028660875,1614260367.0830035,-4.36888686097526,-6.438677427714649,3.1267058116723794
0.4983354523586452,1614260367.1230035,-4.597542513429586,-6.3902586215171695,2.975037592052984
0.3498561335976307,1614260367.1430035,-4.693781834204486,-6.368118295759172,2.8901571524684866
0.45362480144205675,1614260367.1630034,-4.7777140173690436,-6.3468624533434905,2.8002050005388046
0.3347019843314074,1614260367.1830037,-4.849221317306844,-6.326010034375717,2.706035080908903
0.39501475712099676,1614260367.2030036,-4.908290762041115,-6.305053999592167,2.608536548632505
0.30924314552128607,1614260367.2230036,-4.954967178752909,-6.283507234115017,2.5085798293807913
0.3538933994690612,1614260367.2430036,-4.989340995533101,-6.260930892578222,2.4069794171160295
0.27183260530595543,1614260367.2630036,-5.011575880610253,-6.236951241908267,2.3044642515158333
0.33862824904854616,1614260367.2830036,-5.02187591359122,-6.211257656561757,2.201674989445765
0.2239290410010466,1614260367.3030035,-5.020479828811335,-6.183592186834904,2.0991702050152785
0.3086198834141076,1614260367.3230035,-5.007651194611854,-6.153730581877911,1.9974463918447054
0.4008183918332735,1614260367.3430035,-4.98366944455755,-6.121462090592204,1.896961142194137
0.13486459928617167,1614260367.3430035,-4.98366944455755,-6.121462090592204,1.896961142194137
0.13754545196855905,1614260367.3630035,-4.948846468963726,-6.086584871406779,1.798129354692415
0.08667559964445948,1614260367.4030035,-4.847969269869031,-6.008240448596342,1.606847946142174
0.09847491182822377,1614260367.4230034,-4.782512764330461,-5.964410214306892,1.515000238082089
0.09847491182822377,1614260367.4230034,-4.782512764330461,-5.964410214306892,1.515000238082089
0.37681828489358415,1614260367.4630036,-4.6229350013924035,-5.866629369756071,1.3400252780563402
0.1824075139122603,1614260367.4830036,-4.529293160053731,-5.8124180807621695,1.2571956217989593
0.41519047523480435,1614260367.5030036,-4.426675666008971,-5.754535759439519,1.1775699135173006
0.18669474212097903,1614260367.5030036,-4.426675666008971,-5.754535759439519,1.1775699135173006
0.22532726686929627,1614260367.5230036,-4.315195964599673,-5.692921955155881,1.101166297829365
0.21754474976977478,1614260367.5430036,-4.194920015810811,-5.627546310948013,1.027953666875899
0.4911276159351107,1614260367.5830035,-3.9280388114867613,-5.485481096449156,0.8908493646949625
0.279802136096009,1614260367.6030035,-3.781427768653355,-5.408804471659254,0.826811629048517
0.530598471968062,1614260367.6230035,-3.626043904632892,-5.328376554263759,0.7657119987125581
0.2931696947648058,1614260367.6430035,-3.4619334228360743,-5.244205135662916,0.7075348758834444
0.5723924261092922,1614260367.6630034,-3.289183027652569,-5.156294436288411,0.6523141699714184
0.897470466594517,1614260367.6830037,-3.1079244806402526,-5.064647126732138,0.6001419860547832
0.2952465598054368,1614260367.7030036,-2.918368425092891,-4.969282801995431,0.551147254965848
0.6364628079941851,1614260367.7230036,-2.7207753967210837,-4.870231373242502,0.5055195009823618
0.19385077322191047,1614260367.7430036,-2.5154891279421836,-4.767555109611514,0.4634763146383244
0.187090253879429,1614260367.7630036,-2.302922220522048,-4.6613490302868055,0.42526912871362554
0.3263025193146386,1614260367.7830036,-2.0835591407856655,-4.5517480994057395,0.3911709080934995
0.6944195484249597,1614260367.8030035,-1.8579780031716784,-4.438942359637305,0.36144075636560036
0.32196748826648974,1614260367.8230035,-1.626819834343767,-4.3231643591197715,0.3363458939546205
0.6966726349737146,1614260367.8430035,-1.3908106769663509,-4.204702101810767,0.3161121619338162
0.29287088603959677,1614260367.8630035,-1.15073872912105,-4.0838873753600105,0.3009360285256387
0.668924321760997,1614260367.8830035,-0.9074448657526335,-3.961090490968995,0.2909733405636706
0.2277530548664234,1614260367.9030035,-0.6618256652237393,-3.8367223453425265,0.2862939917886006
0.5996358169369513,1614260367.9230034,-0.4148003696434611,-3.711213989515904,0.28694488112497324
0.47897805056495246,1614260367.9230034,-0.4148003696434611,-3.711213989515904,0.28694488112497324
0.4764990750416347,1614260367.9630036,0.07967573476605505,-3.458608329677408,0.3040417612321035
0.8318820130321074,1614260367.9830036,0.32519386069719386,-3.3324612319684648,0.3203240468817129
