x,y,z,t
0.606987748620118,1.274115185206156,3.2124710136425967,33.59
0.6000636376016417,1.2388779740940403,3.2323816395091285,33.6
0.592951046725514,1.2026388772434726,3.2521713952682734,33.61
0.5856516252664694,1.1653945834930075,3.271839045178401,33.62
0.5781674576755014,1.127143609891645,3.2913827120163615,33.63
0.5705008769259725,1.087885328220183,3.3108007544697733,33.64
0.5626542501649535,1.0476186786100319,3.3300929349258697,33.65
0.5546301744280723,1.0063430168253782,3.349259830074595,33.66
0.5464313075602815,0.9640571102750914,3.3683037387451544,33.67
0.5380612601450363,0.920764259292054,3.387224631742755,33.68
0.5295237855157047,0.8764679516759375,3.4060236796302763,33.69
0.520822805722611,0.8311718005461327,3.4247034163305283,33.7
0.5119620071050535,0.7848766880572821,3.443270036475064,33.71
0.5029456174132751,0.7375849666010805,3.4617300630823036,33.72
0.49377849097409526,0.6893015160507648,3.4800891204891946,33.73
0.48446571838461244,0.6400317499450693,3.4983537590891287,33.74
0.47501259973036375,0.5897816853606883,3.516531581701674,33.75
0.4654244529384171,0.5385562444387328,3.534632768489494,33.76
0.45570714271425583,0.48636177653411355,3.5526680407726334,33.77
0.44586723014422386,0.4332074217361271,3.570646737274219,33.78
0.4359116037693787,0.3791027606249624,3.588578973580285,33.79
0.4258474634743713,0.32405864282706753,3.6064749934964837,33.8
0.41568218843539984,0.2680862928184898,3.624346279548015,33.81
0.40542345784862593,0.21119754308917632,3.6422056346206793,33.82
0.39507937748045224,0.1534056326778778,3.6600655538738547,33.83
0.3846583512888299,0.09472380879299108,3.6779392487165334,33.84
0.3741691615942455,0.03516669230926564,3.6958392302275627,33.85
0.363620789388903,-0.02525111487302039,3.713779511715743,33.86
0.3530224289963167,-0.08651337627091563,3.73177366657227,33.87
0.34238349438746163,-0.14860241529657195,3.7498345591120583,33.88
0.3317136360954881,-0.21150015745393566,3.7679748490791263,33.89
0.32102276595470536,-0.2751886229915534,3.7862073873018587,33.9
0.31032103551425716,-0.3396491350837459,3.8045445683233483,33.91
0.29961872642987797,-0.4048634047551636,3.823000607229117,33.92
0.2889262462900048,-0.4708111243190918,3.8415883483822575,33.93
0.2782541529854932,-0.5374709003996017,3.8603200628015437,33.94
0.26761325110730017,-0.604821417222178,3.8792083528832513,33.95
0.2570146365325673,-0.6728410484761504,3.8982652488236407,33.96
0.2464695729445195,-0.7415075221068069,3.917501837274293,33.97
0.23598933541053077,-0.81079740402182,3.936928062159719,33.98
0.22558523513183434,-0.8806872581715083,3.9565551789799613,33.99
0.21526867504686198,-0.951152966569077,3.9763942710167797,34.0
0.2050513897272334,-1.0221710312755556,3.9964578846787733,34.01
0.1949451361679606,-1.093716777027902,4.016755679726124,34.02
0.1849616848543661,-1.1657651295128764,4.037296060591853,34.03
0.17511266903614137,-1.2382902995185872,4.058086338752227,34.04
0.1654096809950946,-1.3112662875692642,4.079134501983168,34.05
0.15586410739179452,-1.3846663928383853,4.100447375538618,34.06
0.1464875081482397,-1.4584647142410274,4.122033016639254,34.07
0.13729132730017665,-1.5326353155638288,4.1438976068811835,34.08
0.12828686066833922,-1.6071523210030385,4.166045988686015,34.09
0.11948510747706602,-1.6819894922028782,4.188481626526648,34.1
0.11089696311821624,-1.7571205747347673,4.211208592740274,34.11
0.1025330976166227,-1.8325191554859943,4.234230369323619,34.12
0.0944041052111104,-1.908159197172103,4.257549893486947,34.13
0.086520480452804,-1.9840152790333083,4.281169041421737,34.14
0.0788925304514264,-2.0600624831717145,4.305088586006802,34.15
0.07153051286659544,-2.1362762841328244,4.329309769837807,34.16
0.06444425976367112,-2.2126320101853505,4.3538328818147916,34.17
0.057643396900462454,-2.289105180366679,4.3786581297934495,34.18
0.05113746053643001,-2.365671916422085,4.4037854154181595,34.19
0.04493583414734806,-2.4423092349062236,4.429213692981282,34.2
0.03904768226202133,-2.518994869689399,4.454940993330813,34.21
0.03348175912934908,-2.5957068557564105,4.480964397871648,34.22
0.028246924891729495,-2.672423416095662,4.507282553494391,34.23
0.023351638228772308,-2.749122933573325,4.5338934577480785,34.24
0.018804276060762095,-2.8257844279439546,4.56079504353623,34.25
0.014613021263664684,-2.9023879671316153,4.5879844675771,34.26
0.010785582116414175,-2.978914432080776,4.615457331765472,34.27
0.007329348904524956,-3.0553452018741676,4.643208847011321,34.28
0.0042514629922587276,-3.131661852674283,4.671234520800583,34.29
0.0015585965362347994,-3.2078462692909864,4.699529371064,34.3
-0.0007421643052514756,-3.283880855362191,4.728090350447988,34.31
-0.002644073192310861,-3.359748977223454,4.756913489039312,34.32
-0.004140398846877152,-3.4354348530717083,4.785994911258673,34.33
-0.005225176425328829,-3.5109234980342783,4.815329142230088,34.34
-0.005892697243000198,-3.5862003229336903,4.844910948761545,34.35
-0.006137462890416451,-3.6612511315628256,4.8747353737120935,34.36
-0.005954085302411025,-3.7360624304534085,4.904797706254437,34.37
-0.0053371380393596205,-3.81062165148546,4.935093588436929,34.38
-0.004281047945671415,-3.8849171070867325,4.965619430921913,34.39
-0.0027808781170317507,-3.9589379541147207,4.9963703972847515,34.4
-0.0008318812946522722,-4.0326737836783435,5.027341998037207,34.41
0.0015705924613919247,-4.106114604873811,5.058530324247294,34.42
0.004431289386509576,-4.179251098961551,5.089932348693173,34.43
0.007754595556626189,-4.252074893939608,5.121544368870406,34.44
0.011544279753790333,-4.324578582578156,5.15336124668396,34.45
0.015804273015566146,-4.396755131903235,5.185378704955391,34.46
0.020538360480776594,-4.468597874770298,5.217592856952004,34.47
0.025750292804780084,-4.540100482313001,5.250000565218853,34.48
0.031443561458793734,-4.611257298712157,5.28259858020273,34.49
0.03762162227645327,-4.682063398503733,5.315383809265409,34.5
0.04428800717540167,-4.75251453876686,5.348353549177688,34.51
0.05144613634064834,-4.822607152482563,5.381505241716423,34.52
0.05909900160613441,-4.892338446597943,5.414836052564316,34.53
0.06724941997958153,-4.961706206956464,5.448343449583139,34.54
0.07590045435731187,-5.030708625402101,5.482025991547752,34.55
0.08505498807123157,-5.099344705099914,5.51588213267316,34.56
0.09471595721259068,-5.1676141466667165,5.549910699026584,34.57
0.10488616046829045,-5.235517464805691,5.584110637863314,34.58
0.1155677665357703,-5.303056080762582,5.618479980526107,34.59
0.12676280500421802,-5.370232043801226,5.653017021531198,34.6
0.13847337548577407,-5.437047956334176,5.687720688704612,34.61
0.1507023110510199,-5.503506688816907,5.722591932421083,34.62
0.16345184830362186,-5.5696118352404556,5.757630615094048,34.63
0.1767240446959976,-5.635367455105007,5.792836464631548,34.64
0.190520778513523,-5.70077804053191,5.8282091513753045,34.65
0.20484385504054553,-5.76584858424643,5.8637485793272655,34.66
0.21969501971915043,-5.830584622487835,5.899454847810183,34.67
0.23507563884017518,-5.894992417797732,5.9353275166501875,34.68
0.2509871755596121,-5.959078596432055,5.971366612082071,34.69
0.26743087015021366,-6.022850251195255,6.007572007632424,34.7
0.28440841683812734,-6.086314672376798,6.043945013782098,34.71
0.301921136585097,-6.1494798716661645,6.080486541611891,34.72
0.3199706591414238,-6.212354398922465,6.117198522926628,34.73
0.33855792987282624,-6.2749475230699945,6.154081582355234,34.74
0.3576836808160175,-6.337268906262062,6.19113605260863,34.75
0.3773485123144363,-6.399328549138517,6.2283622306136,34.76
0.3975530935167626,-6.461136859425399,6.265760939899919,34.77
0.4182982138117012,-6.522704592652888,6.303333578656154,34.78
0.4395842553791591,-6.584042977557632,6.34108081663918,34.79
0.4614117189352004,-6.645163439641213,6.3790036353515625,34.8
0.4837809895066192,-6.706077585755405,6.417102836973939,34.81
0.5066922086990447,-6.766797270401345,6.4553788650797195,34.82
0.5301370337817698,-6.827336390352443,6.493814456658776,34.83
0.5541099630918699,-6.887708392433466,6.5323985951963985,34.84
0.5786049723450054,-6.947926971259751,6.571119312637325,34.85
0.6036098345564836,-7.0080067250551075,6.609951702715087,34.86
0.6291353445477796,-7.067959384890226,6.648919708539383,34.87
0.6551912770973196,-7.1277976598813915,6.688045357915453,34.88
0.6817818816941449,-7.1875353431744236,6.7273391940366345,34.89
0.7089088145109084,-7.247186821300098,6.766806400673341,34.9
0.7365720473103143,-7.306766815440506,6.806448575463049,34.91
0.7647715194287869,-7.366290214288393,6.846267217308527,34.92
0.7935067990974362,-7.425771829184803,6.886262981619781,34.93
0.8227772441477367,-7.485226324364417,6.926436174907057,34.94
0.8525820025163978,-7.544668281678416,6.966786701013466,34.95
0.882919635411535,-7.604112264370895,7.0073131850656685,34.96
0.9137887001200453,-7.663572886418732,7.048014083116414,34.97
0.9451880625687968,-7.7230647782161554,7.088888282229086,34.98
0.9771164942566182,-7.782602412976258,7.1299343007094595,34.99
1.009572357494141,-7.842200001051149,7.171149751967529,35.0
1.0425541835631178,-7.901871661411637,7.212532662113178,35.01
1.0760607024490394,-7.961631552171473,7.254081563700178,35.02
1.110090440489622,-8.021493770606906,7.2957944349383705,35.03
1.1446421500412836,-8.081472397562768,7.3376695409265045,35.04
1.1797142200147643,-8.141581202202016,7.3797041984079375,35.05
1.2153052312347006,-8.201833764237431,7.421896070286092,35.06
1.2514133335628426,-8.26224330827751,7.4642419446843125,35.07
1.2880368353682665,-8.322823004426631,7.506739006531083,35.08
1.3251739456401914,-8.383585920351363,7.549384231495218,35.09
1.3628228636991762,-8.444544992332089,7.592174515564541,35.1
1.400982473988092,-8.505713260770529,7.635108200866727,35.11
1.439651074176412,-8.567103178773015,7.678182393578933,35.12
1.4788266978481996,-8.628726742307949,7.7213937071643635,35.13
1.5185073169739753,-8.69059568739958,7.764738699817236,35.14
1.558690886804115,-8.752721546552637,7.808213906104729,35.15
1.5993754117252577,-8.815115633044964,7.851815918215295,35.16
1.6405588197958225,-8.877788825484707,7.895541123765393,35.17
1.6822397353243332,-8.94075204999878,7.939387460456347,35.18
1.7244166395893967,-9.004015748332664,7.983352650034295,35.19
1.7670877057900882,-9.067589857178547,8.027433864635649,35.2
1.8102510176669837,-9.131483944851292,8.071628114982953,35.21
1.8539044896562638,-9.195707060773497,8.115932021356034,35.22
1.8980462977801325,-9.260268017026354,8.160342740024765,35.23
1.942674460061896,-9.32517505771877,8.2048571264937,35.24
1.9877871084389385,-9.390436029183935,8.249472394192843,35.25
2.0333828189894363,-9.456058699648633,8.294186878459298,35.26
2.0794600781387333,-9.522050413121148,8.33899882208416,35.27
2.1260171525547165,-9.588417989428486,8.38390603352039,35.28
2.173052349321615,-9.655167905547977,8.428906415537215,35.29
2.2205639973499944,-9.722306150974099,8.473997951450562,35.3
2.268550407667152,-9.789838122156032,8.519178687537195,35.31
2.317009588131574,-9.857768305748795,8.564446178109652,35.32
2.36593978133399,-9.926100856280035,8.609798643618744,35.33
2.4153392003313106,-9.994839404990325,8.655234380811816,35.34
2.4652070168265885,-10.063987955270283,8.700753896173257,35.35
2.5155417623552703,-10.133549260230705,8.746356439542796,35.36
2.5663420015308223,-10.203525471699054,8.79204143435514,35.37
2.617606360830087,-10.27391815294929,8.837808542852732,35.38
2.6693334705314737,-10.344728199281112,8.88365756158874,35.39
2.7215221043525215,-10.415955983343132,8.9295887272062,35.4
2.774170834023942,-10.487600838312137,8.975602040885972,35.41
2.827278291585819,-10.559661423388548,9.021697828139722,35.42
2.8808437211981226,-10.632136335367976,9.067877964841083,35.43
2.9348662700012484,-10.705023376057152,9.114144266943724,35.44
2.989345331141288,-10.778319712279426,9.16049925693641,35.45
3.0442794649461495,-10.852021068179697,9.206943701785637,35.46
3.0996672926149795,-10.926122569372856,9.253478574645206,35.47
3.155507762461425,-11.00061902373815,9.300105660232289,35.48
3.211799860072819,-11.075504622156592,9.34682698904504,35.49
3.2685432385161444,-11.150773475178765,9.393646328982232,35.5
3.3257370277182927,-11.226418326958338,9.440566543598672,35.51
3.383380366690668,-11.30243109294034,9.487590695417529,35.52
3.4414721351988287,-11.378802629912075,9.534721373842817,35.53
3.500011363607143,-11.455523133072445,9.581961580654388,35.54
3.5589971881308107,-11.532582161507378,9.629314655366294,35.55
3.618428814064754,-11.609968486974594,9.676784404326051,35.56
3.678304545393689,-11.687669576781204,9.724372881668655,35.57
3.7386233211568087,-11.765672681759323,9.772083913826203,35.58
3.7993841054436537,-11.843964205801148,9.819921538896702,35.59
3.8605863829553178,-11.922529883769432,9.86789112337461,35.6
3.92222858813523,-12.001354127645408,9.915995716913114,35.61
3.9843088974924012,-12.080420820317718,9.964237942473488,35.62
4.046825527605618,-12.159713543758366,10.012620793013546,35.63
4.109776625210286,-12.239215339317715,10.061147357344668,35.64
4.173160199890282,-12.318908449082492,10.109820595593531,35.65
4.23697421811057,-12.398774225004445,10.15864351681332,35.66
4.301216689084336,-12.47879349496504,10.207619410495136,35.67
4.3658855221562805,-12.558946664951238,10.256751557056697,35.68
4.430978170034946,-12.639213638990018,10.306042527741559,35.69
4.496492059646021,-12.719573777466774,10.355495248609538,35.7
4.562423606379184,-12.800005536758688,10.405110461235019,35.71
4.628769423618263,-12.880486805137835,10.454889438223168,35.72
4.695526101573182,-12.960994994855623,10.504833379576937,35.73
4.76269049884606,-13.041507311906107,10.554944385861747,35.74
4.830259447448734,-13.122000642841721,10.605224956593815,35.75
4.898228349106869,-13.20245147872495,10.655674507519464,35.76
4.966592221626339,-13.282835896736877,10.706291795954593,35.77
5.035346026955239,-13.363129483967853,10.757075453824257,35.78
5.10448521888491,-13.443307342981022,10.808025259800935,35.79
5.174004678530662,-13.52334453122453,10.859139531548408,35.8
5.243899422469743,-13.603216236598739,10.910417356671248,35.81
5.314163773525842,-13.68289786671438,10.96185651876832,35.82
5.384791505761349,-13.762364833113331,11.013453727729377,35.83
5.455776027581549,-13.841592379032583,11.065204773682716,35.84
5.527111136600605,-13.920555337602343,11.117106301275387,35.85
5.5987902376375995,-13.999228771494849,11.169153720771936,35.86
5.670806472410625,-14.07758816400509,11.221341869454685,35.87
5.743152494899043,-14.155609523600095,11.273664784144136,35.88
5.815817005635426,-14.2332716083536,11.326105727423771,35.89
5.888789774695363,-14.31055264986786,11.378651313735778,35.9
5.962058012948449,-14.387433348882293,11.431280242600712,35.91
6.035619606824827,-14.463885254379285,11.48400330151972,35.92
6.109469207331005,-14.53988276564727,11.536821724719465,35.93
6.183599681573284,-14.615402226976562,11.589731889459943,35.94
6.258002956929948,-14.690421133581227,11.642727901964454,35.95
6.332670290131925,-14.764917807393513,11.695802210551042,35.96
6.40759331717571,-14.83887008133388,11.748948647405774,35.97
6.482763326977365,-14.912256591632616,11.802159571389668,35.98
6.5581715085236105,-14.985056722914793,11.855426676790508,35.99
6.633808371681185,-15.057251629601238,11.908739487698325,36.0
6.709664368842132,-15.128823098711658,11.962087707742675,36.01
6.7857286002271735,-15.199755820763178,12.015456510703116,36.02
6.8619922264075095,-15.270030838897034,12.068838637591329,36.03
6.938446633837847,-15.33962905275992,12.122227619012227,36.04
7.015082867658434,-15.40853275854434,12.175615303110336,36.05
7.091892300515682,-15.476724042630158,12.228994880311818,36.06
7.168866152388682,-15.544185804853164,12.282359184803216,36.07
7.245995265659993,-15.610902233732114,12.335700011671666,36.08
7.323270124951453,-15.676859004514696,12.389007896119617,36.09
7.400681298004286,-15.742042296892237,12.442273469072209,36.1
7.478219712130345,-15.806438152691905,12.495488464631237,36.11
7.555876462544103,-15.870033142248607,12.548644948815445,36.12
7.6336429215663095,-15.932813624972585,12.601736445980164,36.13
7.711510089580656,-15.994768160198355,12.654754862085941,36.14
7.789469015584085,-16.05588605239395,12.707692384742657,36.15
7.867510866807205,-16.11615742605336,12.760541256406396,36.16
7.945627322803154,-16.17557172688436,12.813295606265106,36.17
8.02381023352673,-16.23411935841413,12.865949680841405,36.18
8.102051419616314,-16.29179267824515,12.918496909486707,36.19
8.180343004500498,-16.34858402924644,12.970932267631836,36.2
8.258677119427121,-16.404487353273943,13.023250194978562,36.21
8.337046402139492,-16.459495249217806,13.075447787400208,36.22
8.415443591967627,-16.51360222820066,13.127521348602608,36.23
8.493861710299232,-16.56680360384617,13.179467767721546,36.24
8.572294064143575,-16.61909532190338,13.231284512964312,36.25
8.650734112515106,-16.67047470464617,13.282968667085852,36.26
8.729175646091303,-16.72093898915902,13.334518451801175,36.27
8.807612766513255,-16.77048554153122,13.385933121475308,36.28
8.886039991883166,-16.819110835862777,13.437214182637968,36.29
8.964451918003698,-16.866814582800725,13.488361425274178,36.3
9.042843496497179,-16.913597384822406,13.539375166661689,36.31
9.121210096315277,-16.959460348678284,13.590256646486761,36.32
9.199547486484407,-17.00440552374992,13.641007637985751,36.33
9.277851905971929,-17.048434443251022,13.691632077791096,36.34
9.356119832971626,-17.091550737682564,13.742133102225417,36.35
9.434348042493124,-17.13375875452959,13.792514474212659,36.36
9.512533749342982,-17.175061262784325,13.84278295955392,36.37
9.590674528645204,-17.215463392296023,13.892944413009223,36.38
9.668768466646315,-17.25497023083941,13.943006589370276,36.39
9.746813971570193,-17.29358967965843,13.992975660637432,36.4
9.824809763543607,-17.331330137518357,14.042858640336991,36.41
9.902754851971773,-17.36820043081137,14.092663303740174,36.42
9.98064863208656,-17.404208752830016,14.142399615273078,36.43
10.058490828012816,-17.439365765142213,14.192075763321313,36.44
10.136281529303387,-17.473682564214037,14.241700554155258,36.45
10.214021071929034,-17.507170008403385,14.291284121095421,36.46
10.291709925710485,-17.539839465481222,14.340836991005515,36.47
10.369348718323959,-17.571703331366017,14.390369475129136,36.48
10.446938405111839,-17.602775037097178,14.439891847786583,36.49
10.524480400822965,-17.63306911847355,14.489414122540602,36.5
10.60197661686829,-17.662600624436568,14.538946971857076,36.51
10.67942928703688,-17.691385522459463,14.588501072104505,36.52
10.75684077866357,-17.719440171449182,14.638087736472416,36.53
10.834213560985914,-17.746780461700638,14.687720280623834,36.54
10.911550229394066,-17.773424048069757,14.737410187358721,36.55
10.988853774550215,-17.7993893736707,14.787168662126007,36.56
11.06612767661871,-17.824695812712854,14.837006493559155,36.57
11.143375856456892,-17.849362701780542,14.886936058495836,36.58
11.220602285327978,-17.873410473991168,14.936968679679453,36.59
11.29781081107294,-17.89686015068934,14.987115105049616,36.6
11.375005230823461,-17.91973325681955,15.037385360886649,36.61
11.452189608679955,-17.942051108662785,15.087790436559695,36.62
11.529368420402111,-17.963835730736356,15.138340678444452,36.63
11.606546511604927,-17.985109777228544,15.189046245051253,36.64
11.683728773685376,-18.005896582706708,15.239916446747623,36.65
11.760919926686418,-18.026219793357157,15.290960167142885,36.66
11.838124524290556,-18.046103388642397,15.342185453050169,36.67
11.915347315558735,-18.06557124290393,15.39360096855754,36.68
11.99259327987577,-18.084647869284545,15.445213767595403,36.69
12.069867758104824,-18.103357708373622,15.497031803684024,36.7
12.147176080991184,-18.12172559162701,15.549062159201632,36.71
12.224523297911936,-18.139776593864898,15.601311100799125,36.72
12.30191418792069,-18.157535799484684,15.65378469117314,36.73
12.37935345165462,-18.17502840569494,15.706487853145005,36.74
12.456845994724826,-18.192279676811275,15.759424690189611,36.75
12.534397140953637,-18.209314712721522,15.812600294192592,36.76
12.612012244033984,-18.226158775455126,15.866018619930594,36.77
12.689696391354875,-18.242837108764338,15.91968294441247,36.78
12.767454332731031,-18.25937479819723,15.973595684302463,36.79
12.845290677227908,-18.275796697399244,16.027758642347024,36.8
12.92321017168535,-18.292127434797205,16.082172911089796,36.81
13.001217866609347,-18.30839145032571,16.13683928435454,36.82
13.079318877246232,-18.324612980305695,16.191757721120954,36.83
13.157518170202593,-18.34081601506065,16.246928060231948,36.84
13.23582060464322,-18.357024262424133,16.302351718319613,36.85
13.314230632037667,-18.373260979128503,16.358028394825045,36.86
13.39275263841868,-18.389548902937296,16.413956808918105,36.87
13.47139117836689,-18.405910344635394,16.47013494032312,36.88
13.550150958355712,-18.422367299993653,16.526560732621842,36.89
13.629036519680426,-18.43894135592563,16.58323163722145,36.9
13.7080521706603,-18.455653747991164,16.64014563650656,36.91
13.78720214640917,-18.47252532293316,16.697301938460086,36.92
13.866490298344859,-18.489575925779757,16.75469767247176,36.93
13.945920599370146,-18.506824744569318,16.81232948267221,36.94
14.025497141648497,-18.52429035178436,16.870193716675164,36.95
14.105224021650754,-18.541990821895098,16.92828702630008,36.96
14.185104938994831,-18.559943395662366,16.98660552668828,36.97
14.265143273869684,-18.57816450123687,17.045144936237396,36.98
14.345342371836727,-18.59666983464409,17.103901254971287,36.99
14.42570612336806,-18.615474885028757,17.162872752240176,37.0
14.506238234886041,-18.634593868252818,17.22205584372402,37.01
14.586942404397016,-18.654040173923494,17.281446974905123,37.02
14.667822073717366,-18.673826210508665,17.34104184840309,37.03
14.748880564025253,-18.693963579300586,17.400836445570256,37.04
14.830121266006925,-18.714463183494292,17.460827388500192,37.05
14.911547673279168,-18.735335013336705,17.52101153963325,37.06
14.993163362770785,-18.75658823887029,17.58138565391902,37.07
15.07497171951715,-18.77823108084708,17.641945494219893,37.08
15.156976809903767,-18.800272383241104,17.70269044601115,37.09
15.239182196440616,-18.822719569452257,17.76361833260397,37.1
15.321591352491385,-18.84557901952173,17.82472692435582,37.11
15.404207656562452,-18.868855743528243,17.886013510588313,37.12
15.487034513112995,-18.892553743969685,17.94747519285381,37.13
15.570075407596553,-18.916676200622515,18.00910953154464,37.14
15.65333387107731,-18.941225500433806,18.070914844371906,37.15
15.736813438468,-18.966202993132704,18.13289034631302,37.16
15.820517563820031,-18.991608911916146,18.195035304019765,37.17
15.90444982618968,-19.017442618590565,18.25734952241594,37.18
15.98861390800666,-19.043702516595076,18.319833204726706,37.19
16.07301348485391,-19.070385804372652,18.382486932082994,37.2
16.157651771435287,-19.097488041861535,18.44530989258664,37.21
16.24253199458028,-19.12500378028682,18.5083016076281,37.22
16.327657623613756,-19.152926752232975,18.57146260964415,37.23
16.41303263072076,-19.181250140076134,18.634795405739414,37.24
16.49866080952667,-19.209965574913163,18.698302269634446,37.25
16.58454538576238,-19.239062992478903,18.76198393217365,37.26
16.67068968606085,-19.268531429895848,18.825842048166685,37.27
16.75709683996229,-19.298358626897222,18.889877756833297,37.28
16.843770484147285,-19.328531583593254,18.95409401763288,37.29
16.930714171265745,-19.359036303649475,19.018493425344356,37.3
17.017930623575246,-19.389857449092506,19.083075982132424,37.31
17.105422929108204,-19.420979618973302,19.14784361967239,37.32
17.19319413772995,-19.45238671965292,19.21279888473974,37.33
17.281247088563386,-19.484061571097527,19.277943994944636,37.34
17.369584660732496,-19.515985932883467,19.34328131753137,37.35
17.45820935689388,-19.548140550579266,19.40881184336334,37.36
17.547123556080994,-19.580505576679652,19.474536377434195,37.37
17.636329369270985,-19.613060541240767,19.54045555396122,37.38
17.725828797887914,-19.645784205238304,19.60657060878931,37.39
17.815623316364675,-19.678654380068092,19.672881718619003,37.4
17.905714351771056,-19.711648149898586,19.739388992892888,37.41
17.996103346026143,-19.74474206007517,19.806092466926216,37.42
18.08679205752539,-19.777912254937693,19.87299343870226,37.43
18.17778129468071,-19.81113430747238,19.940090906287807,37.44
18.2690713015104,-19.844383255720594,20.00738297797872,37.45
18.360661987623665,-19.877633526107918,20.074867325002675,37.46
18.452552912656575,-19.910858942373952,20.14254065708214,37.47
18.54474427162295,-19.944032805180775,20.210401694332607,37.48
18.63723562106445,-19.977128287774647,20.2784474488003,37.49
18.730025902604133,-20.01011855087387,20.346673731830364,37.5
18.82311370460635,-20.042976579230935,20.415076307259124,37.51
18.91649714668588,-20.075674959279212,20.483650343657,37.52
19.01017378513655,-20.108186146442023,20.552389591153965,37.53
19.104141080828544,-20.140482621286335,20.621287361585104,37.54
19.198396353662485,-20.172537176565218,20.69033649154328,37.55
19.29293666891507,-20.20432295554114,20.759529676191985,37.56
19.387714984117785,-20.235844419930036,20.82872015423056,37.57
19.482700690797298,-20.26709970363634,20.897813605468563,37.58
19.57791229873386,-20.298046229785776,20.96687696035415,37.59
19.673355577821486,-20.328649548977424,21.035937205645787,37.6
19.768995290459305,-20.35891731864569,21.1048876511507,37.61
19.86481217575126,-20.38884444488181,21.173673880811364,37.62
19.960791662478268,-20.418422625539147,21.242258006079247,37.63
20.056923264253083,-20.447639356639886,21.310617750617347,37.64
20.153188667071966,-20.476495067278456,21.378704398235467,37.65
20.249573584876714,-20.50498590671328,21.446484125217317,37.66
20.346105739762383,-20.53303264803593,21.51408013694576,37.67
20.44276011085312,-20.56065092171978,21.581420267816767,37.68
20.539518447455553,-20.587848086734056,21.64845527029226,37.69
20.636366588862458,-20.61462615815313,21.715150715941128,37.7
20.733292517624285,-20.640983687911664,21.781481984574672,37.71
20.83028556005918,-20.66691697719098,21.847430895994517,37.72
20.92730477443841,-20.69252217115782,21.912827766768103,37.73
21.024327595831934,-20.717858318447263,21.977572314721357,37.74
21.121340875419836,-20.74296116065759,22.04160485961185,37.75
21.218336176860102,-20.767852933212914,22.10488822563524,37.76
21.315307595198895,-20.792547548130422,22.167398506970432,37.77
21.412250772937455,-20.817052746699733,22.229121110111123,37.78
21.509162027844923,-20.841373562236864,22.290045747078807,37.79
21.606038050332042,-20.865513187299577,22.35016509473506,37.8
21.702876175300176,-20.889435008390482,22.409518551010017,37.81
21.799680389156137,-20.913003050649426,22.46826492925729,37.82
21.89644973826117,-20.936144991546094,22.5264859732893,37.83
21.993178996106284,-20.958823992106915,22.58421926959276,37.84
22.089860725680623,-20.981021947150253,22.641479573354196,37.85
22.186486814759558,-21.00273004617216,22.69827030128225,37.86
22.283049031032647,-21.0239427323173,22.75459103992031,37.87
22.37953918359957,-21.044648138897383,22.810448887302318,37.88
22.475948749717432,-21.064834610503897,22.865850600829404,37.89
22.572269038666583,-21.08450703594035,22.920784232763076,37.9
22.668491214294793,-21.103668028591855,22.975240485600708,37.91
22.764606506859874,-21.122323872735834,23.029206150135916,37.92
22.860595686362824,-21.140330254481835,23.08283097230305,37.93
22.956441309663024,-21.157614028681326,23.136185488007083,37.94
23.05213024213733,-21.1741764181017,23.189259123014978,37.95
23.14764158875434,-21.18993382513916,23.242131029006714,37.96
23.242958007421795,-21.20484504938996,23.294833903869304,37.97
23.338063192445848,-21.218877518465472,23.347390029021522,37.98
23.43294148210307,-21.23199954593787,23.399819533264118,37.99
23.527579906345846,-21.24419361092078,23.452126891382697,38.0
23.621966646538592,-21.255442066750273,23.50431568157128,38.01
23.716090058584562,-21.2657215631136,23.55639380082684,38.02
23.809939495883487,-21.275012985770438,23.608363378197698,38.03
23.90350533146015,-21.283306442208577,23.660215734384565,38.04
23.996775782454925,-21.290583903796396,23.711947826980357,38.05
24.089737020236708,-21.29682413464887,23.763557357676834,38.06
24.182374850730493,-21.302015788877032,23.81503056788398,38.07
24.274672125630804,-21.306142434052518,23.866355682045942,38.08
24.366610024127144,-21.3091938233918,23.91751271737607,38.09
24.458166244500184,-21.31115892098613,23.96847992938164,38.1
24.549315281487754,-21.31203073071317,24.019229912627278,38.11
24.640027018161778,-21.311799292695923,24.069735458959663,38.12
24.730267511006073,-21.310453154935843,24.119967913524537,38.13
24.819998505429037,-21.307979788573192,24.16989609946839,38.14
24.909180278829396,-21.304371325210404,24.219483105076694,38.15
24.997773103460936,-21.299628038235525,24.26868523009775,38.16
25.08590040102024,-21.29411464978531,24.317272932169377,38.17
25.17362683601776,-21.288003811454402,24.365138724249416,38.18
25.260923185863565,-21.28125600143926,24.412275137139712,38.19
25.347792558484265,-21.273887268559804,24.458643111560853,38.2
25.43400600844492,-21.265493777780012,24.504317775101832,38.21
25.519373669844846,-21.255707035447138,24.549313054500796,38.22
25.603807768645552,-21.24431447515802,24.593556671277444,38.23
25.6873054767156,-21.231220562388643,24.63692135274906,38.24
25.769901290807308,-21.216368757556328,24.679256711147165,38.25
25.851654087513356,-21.199718782012074,24.720400295436335,38.26
25.932650083976025,-21.18126030828346,24.76018174848268,38.27
26.01300489024524,-21.161014821848983,24.798426380579183,38.28
26.092856041682456,-21.138982099201087,24.834941065712925,38.29
26.17235473795696,-21.115167862798966,24.869523403610604,38.3
26.251663099064814,-21.089637324530916,24.901983457323773,38.31
26.330872248347664,-21.062519027307047,24.932102000712643,38.32
26.41010427489327,-21.033990569956934,24.959715179624613,38.33
26.489448253237573,-21.004242954292163,24.984640370423453,38.34
26.56900099202596,-20.97349959448749,25.006748087306686,38.35
26.648845861813207,-20.942002884237116,25.025942696856795,38.36
26.729152944194432,-20.909990266877784,25.042285170817976,38.37
26.8099688146954,-20.87771001489083,25.055701237718928,38.38
26.891343939672765,-20.84541115587919,25.066171797397455,38.39
26.97335395677877,-20.813302511524356,25.073870312902372,38.4
27.056024060150662,-20.781629463444492,25.078706840502527,38.41
27.139344633137206,-20.750608645246135,25.080722548359404,38.42
27.22329051602153,-20.720339615441773,25.080214968079964,38.43
27.307847913613095,-20.690922858356018,25.077356339898962,38.44
27.393006955485276,-20.662454464478053,25.0722505668157,38.45
27.47872897441795,-20.63512521565674,25.064840047909605,38.46
27.565003560362634,-20.609103786354638,25.05508105245499,38.47
27.651799052221918,-20.58450348814717,25.042987933003303,38.48
27.739055203129915,-20.561287774406523,25.028750554370827,38.49
27.82671598676732,-20.539448559173717,25.012482828987007,38.5
27.914730558402027,-20.519142027560605,24.994119020489897,38.51
28.00303898200245,-20.50047494656513,24.97361555200682,38.52
28.09157318991779,-20.48335869259665,24.951105857697325,38.53
28.180264841409787,-20.46774926507479,24.926649544696875,38.54
28.26904017224838,-20.453605511794876,24.900268557226518,38.55
28.35782579923228,-20.440895913508303,24.871952945650207,38.56
28.446532665496175,-20.42962813499096,24.84164182302698,38.57
28.535067708636255,-20.419790588083607,24.809252310141865,38.58
28.623336949415215,-20.41136387609808,24.77465942203198,38.59
28.711258784082013,-20.40428066745618,24.737748009249806,38.6
28.798798429724243,-20.39829527971896,24.698537965330527,38.61
28.885898712074678,-20.393369391484782,24.65683377108549,38.62
28.97250687107212,-20.389345208712356,24.612632038749336,38.63
29.058570541450905,-20.3861512001761,24.565765001637267,38.64
29.144046787867286,-20.383640286734344,24.5162416271579,38.65
29.228910807270303,-20.38171319426417,24.463937739318578,38.66
29.313159756027872,-20.38025116737749,24.408766122863895,38.67
29.39677740129982,-20.379105382144825,24.3508014986259,38.68
29.479771867385534,-20.37816066815865,24.28994162039243,38.69
29.562172006214084,-20.3772841025857,24.226300877112955,38.7
29.64401189089425,-20.376372564689127,24.15981396529716,38.71
29.72532161021525,-20.375323728578977,24.09056856902697,38.72
29.80613793782414,-20.374051005570507,24.01849033236723,38.73
29.886504696013372,-20.37246503887914,23.94350440450859,38.74
29.966463204986784,-20.37048906959283,23.865734068931417,38.75
30.04607469215917,-20.368056837149208,23.78522814380693,38.76
30.125391688402317,-20.365093825220328,23.701859999166274,38.77
30.204465473600848,-20.361584168660283,23.615752500003158,38.78
30.28334550917851,-20.357498095183892,23.526830094197184,38.79
30.36208157445022,-20.35283486362192,23.435152538639503,38.8
30.4407247614857,-20.34760960860401,23.340751805409113,38.81
30.519328185390265,-20.34185978145644,23.24363171951139,38.82
30.597925744032718,-20.335629214577743,23.1437347738217,38.83
30.67657251867793,-20.328965579868154,23.04090918271131,38.84
30.755312026098466,-20.32192743662705,22.935060740113542,38.85
30.834163363165615,-20.31457562643476,22.82619475873329,38.86
30.913112111796934,-20.306962613053866,22.714347596367134,38.87
30.992144819907168,-20.299136113197427,22.599507885568595,38.88
31.07124367445126,-20.291165835712018,22.48169676774123,38.89
31.150385508537614,-20.283118609785898,22.360820291440653,38.9
31.22952089999444,-20.27505347861639,22.236885149679228,38.91
31.308570371528717,-20.267018283561455,22.109960603389037,38.92
31.38746187391576,-20.2590520424702,21.97998836313805,38.93
31.466134152591806,-20.251199543158275,21.84691193241959,38.94
31.544525132472927,-20.243514048979012,21.710790127093617,38.95
31.622590448510092,-20.236054945864794,21.57167288983712,38.96
31.700267725963055,-20.228876542848205,21.42959584533728,38.97
31.77747047956269,-20.22203338140187,21.284566041591805,38.98
31.85411534351918,-20.21558627810811,21.136651107281544,38.99
31.93008805606167,-20.20958786962,20.98584441413582,39.0
32.00528610291587,-20.204087650258785,20.83218701192369,39.01
32.07961143802481,-20.199132477275366,20.675736506870617,39.02
32.152925005267555,-20.194780505329657,20.5164862014319,39.03
32.22511197561545,-20.191083223934637,20.354439068135047,39.04
32.2961138595116,-20.18808043297052,20.189693260887672,39.05
32.36588697775436,-20.18582236619637,20.022314738508097,39.06
32.43436847656975,-20.184327812353256,19.85234491518075,39.07
32.50152599923317,-20.18362724905114,19.679845160523016,39.08
32.567331882151485,-20.18370634190817,19.50491263948988,39.09
32.631746460690984,-20.184567020419795,19.327625224097925,39.1
32.69470271474903,-20.18627385127965,19.14803177557619,39.11
32.75617379733201,-20.188852982492836,18.966238879998958,39.12
32.816131196713066,-20.192331697693614,18.782358799369643,39.13
32.87454900120795,-20.196677661605257,18.596540512892577,39.14
32.931482478372516,-20.201885936676874,18.40896787604957,39.15
32.98699022531669,-20.207869093450963,18.219833536788958,39.16
33.04116996946185,-20.214533858781525,18.02932558195905,39.17
33.09406594201422,-20.221820925358646,17.837586381779314,39.18
33.145831316479345,-20.229690281075644,17.64481303988164,39.19
33.19655997193024,-20.23811596232133,17.451132080297842,39.2
33.246310522596175,-20.24707610211931,17.25664982328281,39.21
33.29513409501662,-20.25646055032869,17.061477990640434,39.22
33.343020062415036,-20.266220725023878,16.865697136575704,39.23
33.38996181324607,-20.27632386878919,16.669388215661552,39.24
33.43601795810043,-20.28678275708684,16.472680140837248,39.25
33.48117163318331,-20.297548880596203,16.275664205082865,39.26
33.52543655404665,-20.30865482951956,16.078477888862277,39.27
33.56877417063934,-20.32013253061861,15.881289844353242,39.28
33.61120385953546,-20.331976884945252,15.684234803017302,39.29
33.65269327638214,-20.34409907175457,15.487472833946905,39.3
33.693241921271344,-20.356421276999694,15.2911449909689,39.31
33.732921827477746,-20.368860464779345,15.095318356663997,39.32
33.7718031448722,-20.38142657691662,14.900189350028638,39.33
33.80996421554989,-20.3940824819918,14.70591309376892,39.34
33.84750593297566,-20.406772468671658,14.512591911467904,39.35
33.88452528073544,-20.419377416870514,14.320223044139722,39.36
33.92112655958972,-20.431833526675934,14.12886652308429,39.37
33.95741472059457,-20.444052231359898,13.938405472494594,39.38
33.993479795735304,-20.455965811042294,13.748794567803596,39.39
34.02940454373446,-20.467526157342625,13.560002999054367,39.4
34.06526789025952,-20.47869775556581,13.372030371680202,39.41
34.10114181987237,-20.489459104282005,13.18486860613044,39.42
34.13709738285577,-20.499800744229265,12.998578348647177,39.43
34.17319553292338,-20.509724962566246,12.813159203209224,39.44
34.20950028688565,-20.519203935593737,12.62871039154141,39.45
34.24606105790341,-20.528235398986762,12.445260915745997,39.46
34.28291093832762,-20.53683957710901,12.262816599783323,39.47
34.32008439700453,-20.545036385837353,12.081387006701855,39.48
34.357603196083936,-20.552853958217625,11.900988935413578,39.49
34.39544787190984,-20.560356314271964,11.721550794797066,39.5
34.43364453661123,-20.567572756118548,11.543159425131467,39.51
34.472198164074456,-20.57454857510776,11.365838571774637,39.52
34.51107032554122,-20.581356351828163,11.189486956270438,39.53
34.5502302083215,-20.588059078959358,11.013984641356435,39.54
34.5896801895522,-20.594689422547724,10.839448807758362,39.55
34.629403632640674,-20.601285551179643,10.665788551140345,39.56
34.669402046911145,-20.60787017924735,10.492992700371456,39.57
34.70966992519339,-20.614445980090885,10.321098934865738,39.58
34.750195758235535,-20.621012567793223,10.150043250917745,39.59
34.79098879362759,-20.627582007278452,9.979856924790813,39.6
34.83205480635684,-20.634163035026102,9.810512119070841,39.61
34.8733974782036,-20.640746550197374,9.642027446542901,39.62
34.91502593272447,-20.64732410188116,9.474361920014418,39.63
34.956958379127094,-20.65389385383489,9.307497385766778,39.64
34.99917006590132,-20.66046858923497,9.141349080090405,39.65
35.04168571912309,-20.667063046278592,8.975936126608577,39.66
35.08453366761762,-20.673680111061067,8.81132381878541,39.67
35.127730181130396,-20.680320370647,8.647472173788904,39.68
35.17128237996362,-20.686989725502208,8.484317698618893,39.69
35.215194321679796,-20.69370080101444,8.321856891699715,39.7
35.25950353298924,-20.700470482603265,8.160163181063071,39.71
35.304217076258396,-20.707311403588278,7.999209444366125,39.72
35.34937333996948,-20.714224749023114,7.839053316038834,39.73
35.395025767170544,-20.721216662994877,7.679807233121187,39.74
35.44115235005383,-20.728285031067784,7.5214428074483015,39.75
35.48777875044143,-20.735425184618396,7.364068690638468,39.76
35.53489007303201,-20.74262426923403,7.207645777001367,39.77
35.58248080568636,-20.74985770401961,7.052127652802747,39.78
35.63053290914366,-20.75708169217263,6.897513966960637,39.79
35.67903561391883,-20.764261969508222,6.74375724659847,39.8
35.72794608143307,-20.771357041031695,6.590804555923479,39.81
35.77727497979473,-20.778324518518126,6.438706040487546,39.82
35.82699820705965,-20.78511915358059,6.287407806363332,39.83
35.87716187633231,-20.79168165146217,6.1370248649926165,39.84
35.927788962329984,-20.797973261975997,5.987576177669537,39.85
35.9789112506798,-20.803970948696726,5.839061782942084,39.86
36.030566908871094,-20.809670096778465,5.691462430311514,39.87
36.08269742724045,-20.815132164205675,5.544537688911519,39.88
36.135391570262904,-20.820351558685616,5.39838281911163,39.89
36.18874345036362,-20.82533683783595,5.25306601269557,39.9
36.242758950423884,-20.830144120229416,5.108501765273008,39.91
36.29749959286721,-20.834803257796533,4.964691015952435,39.92
36.35302276044186,-20.83933069509768,4.8216333167043,39.93
36.40936689424847,-20.84373323180166,4.679327332693247,39.94
36.46651078393327,-20.848008979901554,4.53779919863763,39.95
36.52448538742931,-20.85214149943915,4.397093349072219,39.96
36.58331759328431,-20.856126548954734,4.257225855545165,39.97
36.64295271427437,-20.859983336871544,4.118099915194064,39.98
36.70345344854159,-20.863729218330874,3.97980162992575,39.99
36.76479961068866,-20.86739652756366,3.8422699141044214,40.0
36.82694824746968,-20.87101779480483,3.705470090101304,40.01
36.88994000613557,-20.874631114130747,3.569490419431274,40.02
36.953793165181516,-20.87828679138565,3.434365490241541,40.03
37.018499356641236,-20.882048585411766,3.300082714571366,40.04
37.08408347239362,-20.885993097698975,3.1666401560413515,40.05
37.15048598463838,-20.89018172339101,3.0338678585153986,40.06
37.21778757297434,-20.894720203269166,2.901865189066553,40.07
37.28597646262245,-20.899664709850974,2.7705029136944472,40.08
37.355050888049135,-20.90506421528194,2.6396714760822597,40.09
37.42507272839407,-20.91101995360539,2.5094173509399345,40.1
37.49601507333696,-20.91755903766932,2.379642012086647,40.11
37.56793898529837,-20.924778010635336,2.2503995092327815,40.12
37.64086904871792,-20.932732466293327,2.121698589874394,40.13
37.71479846968446,-20.941443284542142,1.993532620454534,40.14
37.78960848976572,-20.950845259228863,1.8658218362204444,40.15
37.86532800215278,-20.960964762709857,1.7386605011207283,40.16
37.94195392616396,-20.971784995563702,1.6121308617428407,40.17
38.01943298509679,-20.983239766545815,1.4862762278865764,40.18
38.0976958195272,-20.995274564769705,1.3611919739890852,40.19
38.17670655907746,-21.007833717180784,1.2369977513427182,40.2
38.2564050491169,-21.020807383885767,1.1137446254906511,40.21
38.33672983025895,-21.034077539317135,0.9914392323525669,40.22
38.41759891846019,-21.04750572842265,0.8700368857278175,40.23
38.498993605488934,-21.06099736339589,0.7496306809277149,40.24
38.58089499966067,-21.074412857587316,0.6302004123637436,40.25
38.66327658842728,-21.08764374777106,0.5117084019128524,40.26
38.74612730044927,-21.100591607498135,0.3941591431286397,40.27
38.82940040727322,-21.11318462621197,0.2775772872719916,40.28
38.91307334721925,-21.125338532763543,0.16200258576656695,40.29
38.99709245558276,-21.136976284150247,0.04744905170962016,40.3
38.995123742757485,-21.15404856383755,0.07312767812614143,40.31
38.99375156668706,-21.155298502397645,0.07531288632989805,40.32
38.99424312018171,-21.154071561491616,0.07648331761391863,40.33
38.995187363111086,-21.152779585985037,0.07795889603619295,40.34
38.99618450978666,-21.150853579564263,0.08050382754175311,40.35
38.99759922004175,-21.148873670011763,0.0831544410392812,40.36
38.99950956670112,-21.14662971722554,0.08654524904089912,40.37
39.002057010000804,-21.144256716901317,0.09059186241235026,40.38
39.005221376022845,-21.141710709676428,0.09533487242846261,40.39
39.008228682646546,-21.139118393296187,0.10162676445187281,40.4
39.01168680910051,-21.13593724837043,0.10884076332658181,40.41
39.01573287982774,-21.13263791804365,0.11630786606063707,40.42
39.02057880176002,-21.12918808244953,0.12430288980879904,40.43
39.02632618180977,-21.125561985050048,0.13290082860341285,40.44
39.03298864694745,-21.121757512346992,0.1420156950183047,40.45
39.04061332708976,-21.117741796523035,0.15165964021357506,40.46
39.0492190019744,-21.113493120547243,0.16177961354899906,40.47
39.058844336137376,-21.108955619428396,0.17239794548837273,40.48
39.06946628195754,-21.104103662700325,0.1834227733330008,40.49
39.08109874551512,-21.098870884812623,0.1948697708569339,40.5
39.093728247530386,-21.0931987166225,0.20671325255301926,40.51
39.10736410078355,-21.087024263766384,0.21893460782280802,40.52
39.12206602016878,-21.0802513830268,0.23156002819839752,40.53
39.13782483438297,-21.072822626601656,0.24453690719279514,40.54
39.1547295859987,-21.064628587012713,0.25790282293792416,40.55
39.172837856662696,-21.05557463531791,0.2716696873035821,40.56
39.19212583349212,-21.04563833508862,0.28575441534822377,40.57
39.21261149752862,-21.034748842049655,0.30016700144783065,40.58
39.23430250440953,-21.022874339430242,0.3148876785527261,40.59
39.25720259945553,-21.009997269541778,0.32989754951313394,40.6
39.28127656068593,-20.996136432648616,0.3451519808073097,40.61
39.306546458189054,-20.981287881128253,0.360657910052578,40.62
39.333034379990025,-20.965455714438107,0.3764424996431054,40.63
39.360749274845126,-20.948663170220037,0.39253127713122793,40.64
39.38970629605399,-20.930946829904833,0.40894710837474607,40.65
39.41994367087094,-20.912351561529942,0.425706537122026,40.66
39.45140512642996,-20.893007091451977,0.44268441311961926,40.67
39.48421938620112,-20.87292777435984,0.4599451017429584,40.68
39.51847608357778,-20.852163941690968,0.47748851146272736,40.69
39.554129284658856,-20.830835591281843,0.4951870844949686,40.7
39.59118129415251,-20.809033430826695,0.5129795553129143,40.71
39.629747767677124,-20.786805691944327,0.5309012243307869,40.72
39.66981297047308,-20.76424098279311,0.5489157039575276,40.73
39.711387399494335,-20.741410344861986,0.5670104870142708,40.74
39.75448309867611,-20.71838324624277,0.5852195403725087,40.75
39.79905439090675,-20.69521382798175,0.6035188944066158,40.76
39.8451226568576,-20.67193152715329,0.6219626546643259,40.77
39.89271162452005,-20.64854479813641,0.6406195415542268,40.78
39.941732060278284,-20.625064078859932,0.6594862358430852,40.79
39.99219733221514,-20.601470228229868,0.6786640412863212,40.8
40.04406498434285,-20.577714932307117,0.6982185989881409,40.81
40.09726026826078,-20.553734782231498,0.7181823645391774,40.82
40.15168495911857,-20.529458423990043,0.7385843667060229,40.83
40.20721281854923,-20.50483697210555,0.7594873446051573,40.84
40.263768665662376,-20.47975770097822,0.7809833757362078,40.85
40.32125794184512,-20.45410809848505,0.8031644361063773,40.86
40.37952848579112,-20.42781222960269,0.8260542157448436,40.87
40.43836977023098,-20.400859232938224,0.8496501331853344,40.88
40.49762354262277,-20.373211440398002,0.8740210798717564,40.89
40.557119791083046,-20.34483957733658,0.8992162026947819,40.9
40.61665572159771,-20.315790089396184,0.9250640025913687,40.91
40.6760766634232,-20.28600799782327,0.9516943031191536,40.92
40.73521740543043,-20.255464938440586,0.9791635168187861,40.93
40.79393893852657,-20.224235387549705,1.0072794184420852,40.94
40.852130461047395,-20.19234292994993,1.0359283863042226,40.95
40.9096134210743,-20.15975276535776,1.0652286283122656,40.96
40.9662996656533,-20.126477546328083,1.0950984282361862,40.97
41.02212508682398,-20.09252968404357,1.1254654520665945,40.98
41.07695615068514,-20.05787003181086,1.1564011529874139,40.99
41.13078738669319,-20.02250977681311,1.1877931983135603,41.0
41.183518037154336,-19.98638989638986,1.2196988924344647,41.01
41.235091761084945,-19.949458236419705,1.2521257494625777,41.02
41.28552489495905,-19.911702331739015,1.2849832886861046,41.03
41.33476850876965,-19.873059959555448,1.318292732839749,41.04
41.382816667914696,-19.833492256373507,1.3520296818784232,41.05
41.42968062006799,-19.792955479710347,1.3861619457827303,41.06
41.47540120165463,-19.751418874189255,1.4206489681431278,41.07
41.51997723307266,-19.70881083207259,1.4555171842148233,41.08
41.56344909105697,-19.6650675508252,1.4907800122894397,41.09
41.60588671143907,-19.620143135537894,1.5264380271329674,41.1
41.647356669048456,-19.5739676037935,1.5625072462278162,41.11
41.687953881657805,-19.526489196715016,1.5990125184714046,41.12
41.72780391259189,-19.477681489494085,1.6359195868847154,41.13
41.76702210651931,-19.42751374611679,1.6732140760814735,41.14
41.805693439838414,-19.37594658056627,1.7109518073173229,41.15
41.843913563804406,-19.32295590016321,1.7491841511464374,41.16
41.88180082765963,-19.268575712660667,1.7879120056847715,41.17
41.91947811599662,-19.212809309513865,1.8271658139404974,41.18
41.95708484163,-19.155644955012345,1.8669614979892046,41.19
41.994771683525606,-19.09717654555305,1.907162094198128,41.2
42.03268820076913,-19.037362216932713,1.9478328674272112,41.21
42.07094763029162,-18.97629432236223,1.988867773244849,41.22
42.10965524143625,-18.91400215314567,2.0302406106293645,41.23
42.14893048370652,-18.850444713857875,2.072026818411478,41.24
42.18886444385979,-18.78562224188895,2.1142443432476896,41.25
42.22949944116015,-18.719595033785954,2.1568326574381627,41.26
42.27088610978947,-18.652372752354083,2.199787296029424,41.27
42.31305558039812,-18.583962912735487,2.243096743833908,41.28
42.356011286225765,-18.514383621640345,2.2867300886222917,41.29
42.39973961592588,-18.4436508221547,2.330652275458683,41.3
42.44422929854701,-18.371740665912597,2.374863689089094,41.31
42.48944745400618,-18.29863051185479,2.419361427730172,41.32
42.53534535135203,-18.22429027418137,2.464148767192611,41.33
42.581855512042495,-18.14868724306227,2.509229241037955,41.34
42.62891050503295,-18.071738859352983,2.5546503549923765,41.35
42.676416022861304,-17.993374792800495,2.600439738080078,41.36
42.724253141066576,-17.913555837626742,2.646584786741463,41.37
42.77229114454585,-17.832237707535935,2.6930683945250107,41.38
42.82038692309156,-17.749383345397828,2.7398610266940056,41.39
42.8683868954685,-17.664928341396596,2.786940621475247,41.4
42.91613282253481,-17.57884127921988,2.834243490807947,41.41
42.96346866582761,-17.491105573404543,2.881682770746364,41.42
43.01024248637704,-17.401705943872557,2.929165758722902,41.43
43.05630526478287,-17.31061330756845,2.9765965166639865,41.44
43.1015299249243,-17.21783606593783,3.0238516041715093,41.45
43.14580450603512,-17.123397927316304,3.0707989704756056,41.46
43.189023577092506,-17.02731684651405,3.1173112172018147,41.47
43.231094111093086,-16.929609064714654,3.163263646638531,41.48
43.271948162773135,-16.830304857884293,3.208528748273232,41.49
43.31153211488189,-16.729430861951784,3.2529788538931785,41.5
43.34980128290704,-16.627016820441145,3.296492374674235,41.51
43.38671507212954,-16.523086804602215,3.338954553135183,41.52
43.42225199070012,-16.417674449744727,3.3802572007080824,41.53
43.45639703613804,-16.31080754650739,3.4202985293834955,41.54
43.48913842109629,-16.20250321226856,3.4589828147488375,41.55
43.52047785148866,-16.09278608242506,3.496225359270054,41.56
43.55042298667859,-15.981681441824527,3.531951678944505,41.57
43.57898413602615,-15.869212889747178,3.566096055963427,41.58
43.6063181242061,-15.755560800806116,3.598668693054121,41.59
43.632524992771394,-15.640820766528522,3.6296734341607597,41.6
43.65755296525973,-15.524864477656951,3.659036623620615,41.61
43.68137439609195,-15.4075865969079,3.6867096979242633,41.62
43.70399897302375,-15.288897517075657,3.7126758874153505,41.63
43.72546050906822,-15.168707777429113,3.7369435203505237,41.64
43.7458151424412,-15.046923336699008,3.759545472524142,41.65
43.76514437702068,-14.923462028013132,3.78054326192376,41.66
43.783543595363206,-14.798251875842675,3.8000216039574846,41.67
43.80111937898462,-14.671233502683343,3.8180811683250626,41.68
43.81798419441359,-14.54235069673573,3.8348356030377433,41.69
43.83424433309995,-14.411508290988687,3.850412159558859,41.7
43.85001888012897,-14.278665610153533,3.864959027359215,41.71
43.8654262302036,-14.143802888023307,3.878630310839415,41.72
43.8805811778096,-14.006922818023796,3.8915783444786416,41.73
43.895586419627506,-13.86803675396597,3.9039586890614513,41.74
43.910526682308095,-13.727199991467993,3.9159217719713286,41.75
43.92546851692788,-13.584521062149431,3.9275984455150077,41.76
43.94045878945007,-13.440124409539795,3.9391000061629975,41.77
43.95552336180704,-13.29411669840259,3.950531924842363,41.78
43.97066177211689,-13.14663046133113,3.961973293648465,41.79
43.98585233248507,-12.997766257359391,3.9735120897051486,41.8
44.00105556202758,-12.84767694156429,3.9851806871092226,41.81
44.01622393422438,-12.696504290080652,3.9969974300100968,41.82
44.03130285085116,-12.544385908772982,4.008962868921412,41.83
44.0462341614399,-12.391462461998461,4.021051896736511,41.84
44.06095116147647,-12.237851375120119,4.0332518965433595,41.85
44.07538564584257,-12.083661203640103,4.045543911748967,41.86
44.0894664884363,-11.928987986001419,4.057913739032589,41.87
44.10312643467098,-11.773929152335036,4.070331963333034,41.88
44.1163067671213,-11.618585688835076,4.082747987174323,41.89
44.12893521787365,-11.4630446908914,4.095137406130424,41.9
44.1409441633307,-11.307392138441536,4.107468901763736,41.91
44.152277538179355,-11.15171566819028,4.119698981826042,41.92
44.162884618494715,-10.996100722657228,4.131781469414369,41.93
44.17272356140902,-10.84063006850628,4.143662738415142,41.94
44.18175645180345,-10.685382636181922,4.155289827008564,41.95
44.18995714987349,-10.530431622277359,4.166602375591936,41.96
44.19730806733054,-10.375845114030097,4.177539307388832,41.97
44.20380227135235,-10.221686522562859,4.188039543784326,41.98
44.20943622776698,-10.068014728288729,4.198046182592813,41.99
44.21420798304762,-9.91488814123231,4.207509123294533,42.0
44.21811505313396,-9.762358922630881,4.216380683903155,42.01
44.22115958231843,-9.6104717035149,4.224615264385437,42.02
44.223351969016925,-9.45925946694609,4.232169730260743,42.03
44.22471109292556,-9.308756464122816,4.239006340860423,42.04
44.22525363192395,-9.15899306849983,4.245093590025233,42.05
44.22499361965661,-9.009996746728651,4.250405854531227,42.06
44.22394727939801,-8.861788656414353,4.254922293223381,42.07
44.22212285595801,-8.714392333908544,4.258630378456982,42.08
44.219529153512916,-8.567842064097997,4.2615252128720895,42.09
44.216172151746484,-8.422162153940063,4.26360646091462,42.1
44.21205939419242,-8.277369133186934,4.264877266424298,42.11
44.20719995647342,-8.133471698585769,4.265344185067788,42.12
44.20158929676453,-7.990493919162477,4.265023545509823,42.13
44.19522017656904,-7.848457123484729,4.26393601567675,42.14
44.188095506621174,-7.7073676648952425,4.262101398024289,42.15
44.18020955243926,-7.567237161450708,4.259543707736685,42.16
44.17156166021623,-7.428068751263382,4.256286787305364,42.17
44.16214705566791,-7.2898667366512955,4.252357975437142,42.18
44.15195211274535,-7.15264235177608,4.247791714082327,42.19
44.14096856033686,-7.016397499166053,4.2426221071873504,42.2
44.12918861493592,-6.881130474891187,4.236884331437061,42.21
44.11660588229015,-6.746835652076806,4.230613633324185,42.22
44.103211585969,-6.613507848437045,4.223847646520314,42.23
44.088986293762865,-6.481150683554421,4.216632712649482,42.24
44.073916959803626,-6.349758982459055,4.209012744779536,42.25
44.05798724153586,-6.2193283058889195,4.201034885600887,42.26
44.04119119831869,-6.089842825567922,4.19273887996492,42.27
44.023517705009596,-5.961290070252116,4.18416810900765,42.28
44.004958454348476,-5.833655149681064,4.175363939624784,42.29
43.98550871576206,-5.706920623122401,4.1663652577230845,42.3
43.96516644724549,-5.581067334396176,4.157208849431319,42.31
43.94392398411042,-5.456081031768421,4.147936613969768,42.32
43.92177652716786,-5.331944922566269,4.138586511954177,42.33
43.89872175512636,-5.208641343660862,4.129192968033458,42.34
43.87475975613894,-5.086151520570194,4.119786969888501,42.35
43.84989235042248,-4.964456299571449,4.110397073663003,42.36
43.824122662939025,-4.843536460295641,4.101049572136738,42.37
43.797453866698895,-4.723374423325862,4.091769461572929,42.38
43.76989195652708,-4.6039520112814305,4.082577083462749,42.39
43.74143687877875,-4.485256768566967,4.073499227977413,42.4
43.712093326730944,-4.36727469466886,4.06455625646857,42.41
43.68186786675011,-4.249991856822797,4.0557647438382105,42.42
43.65076589233351,-4.133396703624813,4.047140680206986,42.43
43.61879429099358,-4.017477895747956,4.038696094342165,42.44
43.58596277617848,-3.902223808562595,4.030437834494994,42.45
43.55228161841369,-3.7876239397822373,4.022370923028857,42.46
43.517752787583234,-3.6736742507207003,4.014510508423799,42.47
43.482379196685116,-3.5603708061903525,4.00686947249099,42.48
43.446166485886366,-3.4477084152070048,3.99945585911672,42.49
43.40912382200168,-3.3356800022098962,3.992271660709786,42.5
43.37126074778749,-3.224278537241186,3.985317142228676,42.51
43.33258679179689,-3.1134974731500984,3.9785914437769185,42.52
43.29311155801687,-3.003330602294564,3.972092721772405,42.53
43.25284268736871,-2.8937732941508854,3.965821023150384,42.54
43.2117827473799,-2.784824415743611,3.959783066412505,42.55
43.169935575269626,-2.6764825273354114,3.953982534567203,42.56
43.1273058626431,-2.56874596356983,3.9484204373046627,42.57
43.083900144683525,-2.461612065312446,3.9430937354449247,42.58
43.039723122262096,-2.3550792714956676,3.9380007422188914,42.59
42.99477979946254,-2.2491459922501194,3.9331381326239856,42.6
42.94907440279679,-2.1438113682298763,3.928502607118755,42.61
42.90261210488587,-2.0390742653797997,3.924088867362249,42.62
42.85539828583605,-1.9349337105798488,3.9198908973015714,42.63
42.80743171906099,-1.8313928973168252,3.9159121963003494,42.64
42.75871456164187,-1.7284531511092136,3.9121503549235617,42.65
42.7092496176473,-1.6261154925041965,3.9086008814780184,42.66
42.65903853221467,-1.5243816167305844,3.9052602275790598,42.67
42.60808491917181,-1.4232519983974423,3.9021213670846766,42.68
42.55639140737565,-1.3227277116700698,3.8991784028719363,42.69
42.50396201832835,-1.2228090720050118,3.8964230632892987,42.7
42.45079971926338,-1.1234971934629507,3.893848736535152,42.71
42.39690008972359,-1.024797979673234,3.8914600374003663,42.72
42.34226212128099,-0.9267152205430196,3.889256593811256,42.73
42.28688728150426,-0.829250960762985,3.8872341605783856,42.74
42.23077860816456,-0.7324059342324483,3.8853857040027124,42.75
42.17393791045125,-0.6361815357814652,3.8837057734586664,42.76
42.116368349105834,-0.5405783227908753,3.8821870565772962,42.77
42.05806711332901,-0.44560076232565543,3.880831202509935,42.78
41.99903394163387,-0.35125154663124375,3.8796361264576853,42.79
41.93927056431925,-0.25753175026777175,3.8785965665413995,42.8
41.87877904522295,-0.1644418258889925,3.8777063158127274,42.81
41.81756162717385,-0.07198178730219687,3.876958572475092,42.82
41.75562083647641,0.01984873168426725,3.876346092869281,42.83
41.692958232772654,0.11104953716294691,3.8758632740299004,42.84
41.629576484049174,0.20162115750145138,3.87550335238545,42.85
41.56547719133549,0.29156349664571896,3.8752614000288226,42.86
41.50065533990736,0.3808721804118358,3.8751420313893,42.87
41.43510958457465,0.46954543269195814,3.8751447048723553,42.88
41.368840550064526,0.5575829812453734,3.8752660606319616,42.89
41.30185116004349,0.6449862814604077,3.8754994757280494,42.9
41.23414305199134,0.7317560493298596,3.8758401428200333,42.91
41.16571857418501,0.8178935210034357,3.876282377837111,42.92
41.096580879475475,0.9034004056489079,3.876819672925662,42.93
41.0267336224758,0.9882786005741362,3.877445270567061,42.94
40.95617283074388,1.0725246133008381,3.8781634645256258,42.95
40.884899184223634,1.1561380583538812,3.878972443521059,42.96
40.81291320639124,1.2391184943880398,3.879870714654813,42.97
40.74021836241866,1.3214676004846642,3.880852736798941,42.98
40.66681702657708,1.403186337494509,3.881914585867703,42.99
40.59271417570668,1.4842774263275287,3.883048992382497,43.0
40.51791505039797,1.5647436517877498,3.884248733334271,43.01
40.442416570788964,1.644581857462808,3.885518467455286,43.02
40.36621789661955,1.72379037477628,3.886860060517631,43.03
40.28932195779742,1.8023702067064944,3.888270281475484,43.04
40.211732305507105,1.8803229510935442,3.8897449059426394,43.05
40.13345140844084,1.9576495844032504,3.891281091183903,43.06
40.05448256609049,2.034351735473542,3.892874898486669,43.07
39.974830080223896,2.110431721119385,3.8945212657208894,43.08
39.89449884684428,2.1858922287602485,3.896214612187081,43.09
39.813494196027335,2.260736143054763,3.897949151971421,43.1
39.73181243568432,2.334959845831568,3.8997318083373567,43.11
39.64945592900963,2.4085639702437556,3.901561408433364,43.12
39.56642664452456,2.48154897255702,3.9034372156584833,43.13
39.48272951983236,2.55391756005036,3.905354255089108,43.14
39.39836809207514,2.6256715621161537,3.9073093546467623,43.15
39.31334831191696,2.6968145686746787,3.909296072137022,43.16
39.22767642926813,2.767350309914379,3.9113078099247085,43.17
39.14134971475801,2.837275944480339,3.9133506645328384,43.18
39.05436854667859,2.9065908182307885,3.91542658232555,43.19
38.96673390530562,2.975294801673975,3.9175365455919198,43.2
38.87845026832753,3.0433904504222675,3.9196764387828034,43.21
38.789520728800696,3.1108794862424873,3.9218438039734225,43.22
38.69995100124443,3.17776560443768,3.924032487200825,43.23
38.60974706859132,3.2440526629214044,3.926236085980164,43.24
38.51891335998492,3.30974326861146,3.9284506310734013,43.25
38.42745508158892,3.3748403857996796,3.930671515403822,43.26
38.3353684006236,3.439340156979685,3.932907169633165,43.27
38.242653439143666,3.5032414848395343,3.93516074499282,43.28
38.14931492073331,3.5665466576159504,3.937428922648695,43.29
38.05535792413246,3.629258294299163,3.9397077160637246,43.3
37.96078768053693,3.691379132369888,3.941992887029672,43.31
37.86561025596988,3.752912390873845,3.9442792905391304,43.32
37.76983066357807,3.8138602671843067,3.946563739864166,43.33
37.673454820294765,3.8742253529881086,3.9488423082289668,43.34
37.576479440696836,3.934003056209735,3.951124699125764,43.35
37.478905471684705,3.993191839522315,3.95341476948679,43.36
37.380736914549324,4.051792506192845,3.955711873369827,43.37
37.28198015523528,4.109807766457857,3.958011674392321,43.38
37.182641638304716,4.167240459953837,3.9603095372432833,43.39
37.08272647824848,4.2240923886045065,3.962602771334889,43.4
36.98224079667649,4.280366008749769,3.964887445895148,43.41
36.881184232552805,4.336058583944772,3.9671694592837876,43.42
36.77955882204072,4.391169186461471,3.9694512455890547,43.43
36.67736713107744,4.445697392424619,3.9717342392235246,43.44
36.57461477844589,4.4996453355828745,3.9740149711830868,43.45
36.47130743478434,4.553015351983025,3.976289537193087,43.46
36.3674509402777,4.605809984048879,3.978553624984672,43.47
36.26305041227801,4.65803112837249,3.980804179635061,43.48
36.15811320245893,4.7096823447402105,3.983035069897907,43.49
36.05263784870938,4.760759908949143,3.985253935416199,43.5
35.946625827309006,4.811262399046617,3.9874640876133784,43.51
35.84007946449147,4.861189163153778,3.989667363404701,43.52
35.733002764127114,4.910541073235308,3.991862668476226,43.53
35.625400068809896,4.959319434452876,3.9940480372154714,43.54
35.51727621073703,5.0075260417510705,3.996220575551657,43.55
35.40863691109978,5.055163401149985,3.998376123618468,43.56
35.29948842437594,5.102234361193102,4.000509976611801,43.57
35.18983077579754,5.148736350757722,4.002627672159995,43.58
35.07966572323826,5.194668171769019,4.004732191330709,43.59
34.96899748412759,5.240030711641309,4.006822561165819,43.6
34.8578309651927,5.28482554329524,4.008896479286524,43.61
34.746170195043064,5.3290535541912325,4.010952915965574,43.62
34.634020976263066,5.372717185975643,4.01298797456852,43.63
34.52138851521176,5.415818251038427,4.014999057006046,43.64
34.40827884075871,5.458359089696631,4.01698271623781,43.65
34.2946916668323,5.5003362058183285,4.018946516628014,43.66
34.18062909921024,5.541748066390533,4.020894396198974,43.67
34.06609428645463,5.582594022351716,4.022828620065471,43.68
33.95109203336749,5.622874992547716,4.024748517882658,43.69
33.83562771109202,5.6625924992507946,4.0266523237294995,43.7
33.71970805075182,5.701749413195443,4.028535766244607,43.71
33.60334054314461,5.740349245675823,4.030393476673387,43.72
33.48653153796248,5.778394331725351,4.032222375963261,43.73
33.36928119352305,5.815880997735794,4.034030699105449,43.74
33.251592019010154,5.852807666753895,4.035822834290146,43.75
33.133468780353375,5.88917492077578,4.037599155322294,43.76
33.01491602501131,5.92498329790411,4.039360078705432,43.77
32.895938845458836,5.960234017656492,4.041104697707557,43.78
32.77654236260377,5.994928485190196,4.04283167568659,43.79
32.65673256469902,6.0290689616918804,4.044538098932123,43.8
32.53650977242289,6.062652072133188,4.046231634349676,43.81
32.41587623132304,6.095676317341451,4.047916404471231,43.82
32.29483619397695,6.128142338112644,4.049592452584536,43.83
32.1733935442774,6.160050675619588,4.051259862712085,43.84
32.05155335677337,6.191403315623276,4.052915838363452,43.85
31.929319989952813,6.22220163846393,4.054558599131707,43.86
31.806699280658833,6.252448553605793,4.056183447195874,43.87
31.683696514739538,6.282146278084159,4.057787021924754,43.88
31.560311353667796,6.311291021526724,4.059377257719217,43.89
31.436545481314404,6.339880982194324,4.060958328426555,43.9
31.312401318056327,6.36791514454413,4.0625327624776135,43.91
31.187883456456195,6.395394907217472,4.0640983283790115,43.92
31.062995808806495,6.422321031781977,4.065653757429042,43.93
30.937743297920836,6.44869542418783,4.067195479862903,43.94
30.81213142219849,6.474520519913309,4.068718954085373,43.95
30.68616513545139,6.499797977360444,4.070221167366049,43.96
30.55984393394669,6.524523182473168,4.071710840883853,43.97
30.433169368584153,6.548693631194578,4.0731926492854065,43.98
30.306145216303495,6.572309296118747,4.074666415525907,43.99
30.178774986365585,6.595369930995997,4.076132094489838,44.0
30.051063214596407,6.617876552482326,4.077587119920308,44.01
29.923014808193713,6.6398306109518614,4.0790280912899055,44.02
29.794634566202344,6.6612332859206544,4.080452179347323,44.03
29.665928711796347,6.682087236159009,4.081853925841694,44.04
29.53690272175635,6.702393989198613,4.083230036499833,44.05
29.40755533767985,6.722146711849406,4.084592577142505,44.06
29.277889273183742,6.7413430778086605,4.085945262445558,44.07
29.1479091959608,6.759983135038089,4.087287350521717,44.08
29.017619340897227,6.778066567412179,4.0886186392909,44.09
28.88702475139711,6.795594251002443,4.0899366437140685,44.1
28.756130175926252,6.812566712647938,4.091239488305498,44.11
28.62494195746817,6.828986363760389,4.09252190907143,44.12
28.493465744462895,6.844854534531871,4.093780681645054,44.13
28.361700833419384,6.8601640421637,4.095028063338819,44.14
28.229650128580523,6.874912297884155,4.096268020388467,44.15
28.097318283738677,6.889099241332476,4.097499895131733,44.16
27.964710041931635,6.902725289750042,4.098721986038556,44.17
27.831830351222198,6.91579138709051,4.099931490455759,44.18
27.69868437238627,6.9282988904814,4.101124780304728,44.19
27.56527686860773,6.940248601239461,4.10229925384949,44.2
27.431612980910597,6.951641810781808,4.103451566268608,44.21
27.297691918927132,6.9624713444519735,4.1045935520392725,44.22
27.163515041478448,6.972733188139047,4.105731359123037,44.23
27.02908560847303,6.9824263984334705,4.106865463528455,44.24
26.894407215625755,6.991550961716306,4.107994366550524,44.25
26.759483288125253,7.000106986442787,4.109116100878028,44.26
26.624318170158073,7.008096202983582,4.110225791526494,44.27
26.488915779879246,7.015519803930447,4.111319613855594,44.28
26.35328037958335,7.02237952471069,4.112392962723557,44.29
26.21741054269723,7.028668312362061,4.113456664250915,44.3
26.081306995524734,7.0343825475899795,4.114515399046398,44.31
25.944972084247972,7.039521357578104,4.115568867964802,44.32
25.80840835211472,7.044084533962931,4.116615386686411,44.33
25.671618339676485,7.048072187949185,4.117652622784694,44.34
25.534604826379745,7.051485030746712,4.11867723530195,44.35
25.397371082653823,7.054324593253985,4.119684613351003,44.36
25.259916547151345,7.056586072196089,4.1206811080902614,44.37
25.122242007592373,7.058266791945072,4.121669423222906,44.38
24.98434849677669,7.059364535356076,4.122651366395651,44.39
24.846238588829287,7.059879861868047,4.123623915589722,44.4
24.70791480491191,7.059813528322853,4.124583683088484,44.41
24.569379301281934,7.059165816875627,4.125528143357452,44.42
24.430634656390527,7.057937717388858,4.126453699509378,44.43
24.29168462068553,7.056132017701556,4.1273539707233144,44.44
24.152532595131913,7.053750541724389,4.128224506476099,44.45
24.01317717336809,7.050786253847111,4.1290759435442315,44.46
23.873618964484653,7.047235294163581,4.129913774275825,44.47
23.733861236724035,7.0430984494284194,4.1307358289151646,44.48
23.593907253662895,7.03837667945969,4.13153963600776,44.49
23.453760683608646,7.033071681422609,4.13232160242402,44.5
23.31342493863402,7.027184546431489,4.133079282709669,44.51
23.17290463945146,7.020718285360682,4.133807299660692,44.52
23.032199918520355,7.01366718968747,4.134514876849988,44.53
22.89131273258066,7.006028690938617,4.13520615512691,44.54
22.750246103842127,6.997802232010401,4.135881910488764,44.55
22.609003773127082,6.988988926981546,4.136540013433895,44.56
22.46758944309922,6.979590111708141,4.137177791372161,44.57
22.326006480217796,6.969606549243814,4.1377934368695355,44.58
22.18425879706088,6.9590401067172225,4.138383300358693,44.59
22.042350798312583,6.9478930276064546,4.138943496732024,44.6
21.90028771091885,6.936168643230226,4.139468805865211,44.61
21.758071264459716,6.923861696189613,4.139968791932044,44.62
21.615705733671373,6.91097183835944,4.140445348414178,44.63
21.473195679353125,6.89749939154392,4.140899298925155,44.64
21.330546563284447,6.8834469668783145,4.141327515726609,44.65
21.18776370432036,6.868817277390765,4.141726499931513,44.66
21.044852597870193,6.853613813254321,4.142091406966875,44.67
20.901818930570723,6.837840656031578,4.1424166458987735,44.68
20.758664632023958,6.8214932448478285,4.142711052856467,44.69
20.615392829669503,6.804570127596374,4.1429785508853865,44.7
20.472007132346086,6.78707162636812,4.143220048936309,44.71
20.328511034626263,6.768998839923596,4.143435012079166,44.72
20.18490783443638,6.750353537634951,4.143621663015587,44.73
20.041200794681636,6.731138621553804,4.143776308472481,44.74
19.897392639228382,6.711356663763358,4.143895989219006,44.75
19.753486118827972,6.69101107132637,4.143976688882042,44.76
19.60947993805971,6.670095812979182,4.144030137723455,44.77
19.46537456501441,6.64861041861022,4.144059263876767,44.78
19.321170518886223,6.62655619680308,4.144064308065093,44.79
19.176867964179962,6.603935257647752,4.144044328565042,44.8
19.032466623784405,6.580750196192338,4.143997809865505,44.81
18.8879660574741,6.557004507421821,4.143922119477493,44.82
18.743365858823623,6.532702791610976,4.1438133713834535,44.83
18.598665349439408,6.507849881974772,4.143667997882943,44.84
18.45386070254288,6.4824435299113565,4.143494989296365,44.85
18.30894897416461,6.45648460682904,4.143298778716782,44.86
18.16392792725555,6.429976915363559,4.143079482743611,44.87
18.018794634590805,6.402924087986375,4.142838203095542,44.88
17.873546210362623,6.375330939667251,4.142574557828029,44.89
17.728179898372723,6.347203298288269,4.142286946962722,44.9
17.582693152942024,6.318547903322112,4.141972763191886,44.91
17.437083724672974,6.289372391660427,4.141628505596826,44.92
17.291345307285184,6.259676183032459,4.1412660788461,44.93
17.14547291384452,6.229462213108071,4.14089195849644,44.94
16.999463355494935,6.198737777095593,4.140505338942492,44.95
16.85331325487014,6.167510433746159,4.140105354784632,44.96
16.707019253393334,6.13578824431979,4.139690738737688,44.97
16.560577954490633,6.1035794509996215,4.139260657012826,44.98
16.413986450095347,6.070893302369938,4.13881303886993,44.99
16.267242280739733,6.03773985743152,4.138344997269081,45.0
16.120338528452407,6.004121573224382,4.1378695484283945,45.01
15.97327081842148,5.970045812447729,4.137390929566199,45.02
15.82603563316703,5.935521868434361,4.136910137588585,45.03
15.67862927919074,5.900558997206863,4.136428458192555,45.04
15.531048773971973,5.865167739982791,4.135944446543518,45.05
15.383291010940233,5.829358438908762,4.135457217427269,45.06
15.2353535449996,5.793142356764739,4.134964353650839,45.07
15.08723457214261,5.756531438176099,4.134462332547453,45.08
14.938927771710059,5.719531254590633,4.133963038470696,45.09
14.790428405375428,5.682149537771995,4.133473641513747,45.1
14.641733709686418,5.644396405164007,4.132995395253967,45.11
14.492841617724228,5.606282689389187,4.132527221071418,45.12
14.343750248051135,5.56781934467013,4.132067290594651,45.13
14.19445793378063,5.529017487601565,4.1316129928048575,45.14
14.044963606598644,5.489888686823722,4.131160318944483,45.15
13.895266832239358,5.450444767163991,4.130704344910937,45.16
13.745362831245336,5.4106924739958595,4.130254638525524,45.17
13.595248205574224,5.370639769293368,4.129817103179373,45.18
13.444921512022091,5.3302962814526165,4.129392088435502,45.19
13.294382001973664,5.289672116675446,4.1289775434163865,45.2
13.143628901022304,5.248777217914069,4.1285710816211765,45.21
12.992661983583067,5.207621771814794,4.128168857537507,45.22
12.841481587423637,5.166216084870975,4.127766023581494,45.23
12.690088757873262,5.124570528605457,4.127356876464542,45.24
12.538479821614672,5.082691198891258,4.126950798397916,45.25
12.38665275738734,5.0405852486503075,4.1265527729169165,45.26
12.234607289305877,4.998260979626854,4.126162598323188,45.27
12.0823436998988,4.955726972511125,4.12577783898743,45.28
11.92986297065744,4.91299215590942,4.125393601802164,45.29
11.777165589178294,4.870064853377434,4.1250065935916815,45.3
11.624252792737849,4.826953502872457,4.1246122726689975,45.31
11.471126704140136,4.7836666251094195,4.124204924317698,45.32
11.317784587818851,4.740209400724086,4.123794052736438,45.33
